"Time","TARGET"
2023-11-07 11:55:00,18.4 GB
2023-11-07 11:55:30,10.2 GB
2023-11-07 11:56:00,10.2 GB
2023-11-07 11:56:30,10.2 GB
2023-11-07 11:57:00,10.2 GB
2023-11-07 11:57:30,10.5 GB
2023-11-07 11:58:00,10.7 GB
2023-11-07 11:58:30,11.0 GB
2023-11-07 11:59:00,11.2 GB
2023-11-07 11:59:30,11.4 GB
2023-11-07 12:00:00,11.7 GB
2023-11-07 12:00:30,11.9 GB
2023-11-07 12:01:00,12.1 GB
2023-11-07 12:01:30,12.3 GB
2023-11-07 12:02:00,12.6 GB
2023-11-07 12:02:30,12.8 GB
2023-11-07 12:03:00,13.0 GB
2023-11-07 12:03:30,13.2 GB
2023-11-07 12:04:00,13.4 GB
2023-11-07 12:04:30,13.6 GB
2023-11-07 12:05:00,13.8 GB
2023-11-07 12:05:30,14.0 GB
2023-11-07 12:06:00,14.3 GB
2023-11-07 12:06:30,14.5 GB
2023-11-07 12:07:00,14.7 GB
2023-11-07 12:07:30,15.0 GB
2023-11-07 12:08:00,15.2 GB
2023-11-07 12:08:30,15.5 GB
2023-11-07 12:09:00,15.8 GB
2023-11-07 12:09:30,16.1 GB
2023-11-07 12:10:00,16.4 GB
2023-11-07 12:10:30,17.3 GB
2023-11-07 12:11:00,18.6 GB
2023-11-07 12:11:30,19.8 GB
2023-11-07 12:12:00,20.3 GB
2023-11-07 12:12:30,10.2 GB
2023-11-07 12:13:00,10.2 GB
2023-11-07 12:13:30,10.2 GB
2023-11-07 12:14:00,10.2 GB
2023-11-07 12:14:30,10.4 GB
2023-11-07 12:15:00,10.6 GB
2023-11-07 12:15:30,10.8 GB
2023-11-07 12:16:00,11.1 GB
2023-11-07 12:16:30,11.3 GB
2023-11-07 12:17:00,11.5 GB
2023-11-07 12:17:30,11.8 GB
2023-11-07 12:18:00,12.0 GB
2023-11-07 12:18:30,12.2 GB
2023-11-07 12:19:00,12.4 GB
2023-11-07 12:19:30,12.6 GB
2023-11-07 12:20:00,12.8 GB
2023-11-07 12:20:30,13.0 GB
2023-11-07 12:21:00,13.2 GB
2023-11-07 12:21:30,13.5 GB
2023-11-07 12:22:00,13.7 GB
2023-11-07 12:22:30,13.9 GB
2023-11-07 12:23:00,14.1 GB
2023-11-07 12:23:30,14.3 GB
2023-11-07 12:24:00,14.5 GB
2023-11-07 12:24:30,14.6 GB
2023-11-07 12:25:00,14.8 GB
2023-11-07 12:25:30,15.1 GB
2023-11-07 12:26:00,15.3 GB
2023-11-07 12:26:30,15.5 GB
2023-11-07 12:27:00,15.8 GB
2023-11-07 12:27:30,16.0 GB
2023-11-07 12:28:00,16.3 GB
2023-11-07 12:28:30,16.6 GB
2023-11-07 12:29:00,16.9 GB
2023-11-07 12:29:30,17.2 GB
2023-11-07 12:30:00,17.5 GB
2023-11-07 12:30:30,18.1 GB
2023-11-07 12:31:00,19.2 GB
2023-11-07 12:31:30,20.6 GB
2023-11-07 12:32:00,21.5 GB
2023-11-07 12:32:30,22.0 GB
2023-11-07 12:33:00,10.2 GB
2023-11-07 12:33:30,10.2 GB
2023-11-07 12:34:00,10.2 GB
2023-11-07 12:34:30,10.2 GB
2023-11-07 12:35:00,10.3 GB
2023-11-07 12:35:30,10.6 GB
2023-11-07 12:36:00,10.8 GB
2023-11-07 12:36:30,11.0 GB
2023-11-07 12:37:00,11.2 GB
2023-11-07 12:37:30,11.5 GB
2023-11-07 12:38:00,11.7 GB
2023-11-07 12:38:30,11.9 GB
2023-11-07 12:39:00,12.2 GB
2023-11-07 12:39:30,12.3 GB
2023-11-07 12:40:00,12.5 GB
2023-11-07 12:40:30,12.7 GB
2023-11-07 12:41:00,12.9 GB
2023-11-07 12:41:30,13.1 GB
2023-11-07 12:42:00,13.4 GB
2023-11-07 12:42:30,13.6 GB
2023-11-07 12:43:00,13.8 GB
2023-11-07 12:43:30,14.0 GB
2023-11-07 12:44:00,14.2 GB
2023-11-07 12:44:30,14.4 GB
2023-11-07 12:45:00,14.6 GB
2023-11-07 12:45:30,14.8 GB
2023-11-07 12:46:00,15.0 GB
2023-11-07 12:46:30,15.2 GB
2023-11-07 12:47:00,15.3 GB
2023-11-07 12:47:30,15.5 GB
2023-11-07 12:48:00,15.7 GB
2023-11-07 12:48:30,15.8 GB
2023-11-07 12:49:00,16.1 GB
2023-11-07 12:49:30,16.3 GB
2023-11-07 12:50:00,16.5 GB
2023-11-07 12:50:30,16.8 GB
2023-11-07 12:51:00,17.0 GB
2023-11-07 12:51:30,17.2 GB
2023-11-07 12:52:00,17.5 GB
2023-11-07 12:52:30,17.8 GB
2023-11-07 12:53:00,18.1 GB
2023-11-07 12:53:30,18.4 GB
2023-11-07 12:54:00,18.7 GB
2023-11-07 12:54:30,19.0 GB
2023-11-07 12:55:00,19.4 GB
2023-11-07 12:55:30,20.6 GB
2023-11-07 12:56:00,21.7 GB
2023-11-07 12:56:30,23.1 GB
2023-11-07 12:57:00,24.0 GB
2023-11-07 12:57:30,24.6 GB
2023-11-07 12:58:00,10.2 GB
2023-11-07 12:58:30,10.2 GB
2023-11-07 12:59:00,10.2 GB
2023-11-07 12:59:30,10.2 GB
2023-11-07 13:00:00,10.2 GB
2023-11-07 13:00:30,10.4 GB
2023-11-07 13:01:00,10.6 GB
2023-11-07 13:01:30,10.8 GB
2023-11-07 13:02:00,11.1 GB
2023-11-07 13:02:30,11.3 GB
2023-11-07 13:03:00,11.5 GB
2023-11-07 13:03:30,11.7 GB
2023-11-07 13:04:00,12.0 GB
2023-11-07 13:04:30,12.2 GB
2023-11-07 13:05:00,12.4 GB
2023-11-07 13:05:30,12.6 GB
2023-11-07 13:06:00,12.8 GB
2023-11-07 13:06:30,13.0 GB
2023-11-07 13:07:00,13.1 GB
2023-11-07 13:07:30,13.3 GB
2023-11-07 13:08:00,13.5 GB
2023-11-07 13:08:30,13.7 GB
2023-11-07 13:09:00,14.0 GB
2023-11-07 13:09:30,14.2 GB
2023-11-07 13:10:00,14.4 GB
2023-11-07 13:10:30,14.6 GB
2023-11-07 13:11:00,14.8 GB
2023-11-07 13:11:30,15.0 GB
2023-11-07 13:12:00,15.2 GB
2023-11-07 13:12:30,15.4 GB
2023-11-07 13:13:00,15.6 GB
2023-11-07 13:13:30,15.8 GB
2023-11-07 13:14:00,16.0 GB
2023-11-07 13:14:30,16.1 GB
2023-11-07 13:15:00,16.2 GB
2023-11-07 13:15:30,16.4 GB
2023-11-07 13:16:00,16.5 GB
2023-11-07 13:16:30,16.7 GB
2023-11-07 13:17:00,16.8 GB
2023-11-07 13:17:30,17.0 GB
2023-11-07 13:18:00,17.3 GB
2023-11-07 13:18:30,17.5 GB
2023-11-07 13:19:00,17.8 GB
2023-11-07 13:19:30,18.0 GB
2023-11-07 13:20:00,18.2 GB
2023-11-07 13:20:30,18.4 GB
2023-11-07 13:21:00,18.6 GB
2023-11-07 13:21:30,18.9 GB
2023-11-07 13:22:00,19.2 GB
2023-11-07 13:22:30,19.5 GB
2023-11-07 13:23:00,19.8 GB
2023-11-07 13:23:30,20.1 GB
2023-11-07 13:24:00,20.4 GB
2023-11-07 13:24:30,20.7 GB
2023-11-07 13:25:00,21.4 GB
2023-11-07 13:25:30,22.6 GB
2023-11-07 13:26:00,23.8 GB
2023-11-07 13:26:30,24.8 GB
2023-11-07 13:27:00,26.1 GB
2023-11-07 13:27:30,26.8 GB
2023-11-07 13:28:00,27.1 GB
2023-11-07 13:28:30,10.2 GB
2023-11-07 13:29:00,10.2 GB
2023-11-07 13:29:30,10.2 GB
2023-11-07 13:30:00,10.2 GB
2023-11-07 13:30:30,10.2 GB
2023-11-07 13:31:00,10.3 GB
2023-11-07 13:31:30,10.5 GB
2023-11-07 13:32:00,10.7 GB
2023-11-07 13:32:30,10.9 GB
2023-11-07 13:33:00,11.2 GB
2023-11-07 13:33:30,11.4 GB
2023-11-07 13:34:00,11.6 GB
2023-11-07 13:34:30,11.9 GB
2023-11-07 13:35:00,12.1 GB
2023-11-07 13:35:30,12.3 GB
2023-11-07 13:36:00,12.5 GB
2023-11-07 13:36:30,12.7 GB
2023-11-07 13:37:00,12.9 GB
2023-11-07 13:37:30,13.1 GB
2023-11-07 13:38:00,13.3 GB
2023-11-07 13:38:30,13.5 GB
2023-11-07 13:39:00,13.7 GB
2023-11-07 13:39:30,13.8 GB
2023-11-07 13:40:00,14.1 GB
2023-11-07 13:40:30,14.2 GB
2023-11-07 13:41:00,14.5 GB
2023-11-07 13:41:30,14.7 GB
2023-11-07 13:42:00,14.9 GB
2023-11-07 13:42:30,15.1 GB
2023-11-07 13:43:00,15.4 GB
2023-11-07 13:43:30,15.6 GB
2023-11-07 13:44:00,15.7 GB
2023-11-07 13:44:30,15.9 GB
2023-11-07 13:45:00,16.1 GB
2023-11-07 13:45:30,16.3 GB
2023-11-07 13:46:00,16.5 GB
2023-11-07 13:46:30,16.6 GB
2023-11-07 13:47:00,16.8 GB
2023-11-07 13:47:30,16.9 GB
2023-11-07 13:48:00,17.1 GB
2023-11-07 13:48:30,17.2 GB
2023-11-07 13:49:00,17.3 GB
2023-11-07 13:49:30,17.6 GB
2023-11-07 13:50:00,17.6 GB
2023-11-07 13:50:30,17.8 GB
2023-11-07 13:51:00,17.9 GB
2023-11-07 13:51:30,18.1 GB
2023-11-07 13:52:00,18.2 GB
2023-11-07 13:52:30,18.3 GB
2023-11-07 13:53:00,18.5 GB
2023-11-07 13:53:30,18.8 GB
2023-11-07 13:54:00,19.0 GB
2023-11-07 13:54:30,19.2 GB
2023-11-07 13:55:00,19.4 GB
2023-11-07 13:55:30,19.6 GB
2023-11-07 13:56:00,19.8 GB
2023-11-07 13:56:30,20.0 GB
2023-11-07 13:57:00,20.2 GB
2023-11-07 13:57:30,20.4 GB
2023-11-07 13:58:00,20.7 GB
2023-11-07 13:58:30,21.0 GB
2023-11-07 13:59:00,21.3 GB
2023-11-07 13:59:30,21.6 GB
2023-11-07 14:00:00,21.8 GB
2023-11-07 14:00:30,22.2 GB
2023-11-07 14:01:00,22.5 GB
2023-11-07 14:01:30,22.8 GB
2023-11-07 14:02:00,23.3 GB
2023-11-07 14:02:30,24.6 GB
2023-11-07 14:03:00,25.9 GB
2023-11-07 14:03:30,27.3 GB
2023-11-07 14:04:00,28.4 GB
2023-11-07 14:04:30,29.5 GB
2023-11-07 14:05:00,30.1 GB
2023-11-07 14:05:30,30.5 GB
2023-11-07 14:06:00,30.5 GB
2023-11-07 14:06:30,10.2 GB
2023-11-07 14:07:00,10.2 GB
2023-11-07 14:07:30,10.2 GB
2023-11-07 14:08:00,10.2 GB
2023-11-07 14:08:30,10.2 GB
2023-11-07 14:09:00,10.2 GB
2023-11-07 14:09:30,10.4 GB
2023-11-07 14:10:00,10.6 GB
2023-11-07 14:10:30,10.9 GB
2023-11-07 14:11:00,11.1 GB
2023-11-07 14:11:30,11.3 GB
2023-11-07 14:12:00,11.6 GB
2023-11-07 14:12:30,11.8 GB
2023-11-07 14:13:00,12.0 GB
2023-11-07 14:13:30,12.2 GB
2023-11-07 14:14:00,12.4 GB
2023-11-07 14:14:30,12.7 GB
2023-11-07 14:15:00,12.9 GB
2023-11-07 14:15:30,13.1 GB
2023-11-07 14:16:00,13.3 GB
2023-11-07 14:16:30,13.5 GB
2023-11-07 14:17:00,13.6 GB
2023-11-07 14:17:30,13.8 GB
2023-11-07 14:18:00,14.0 GB
2023-11-07 14:18:30,14.1 GB
2023-11-07 14:19:00,14.3 GB
2023-11-07 14:19:30,14.4 GB
2023-11-07 14:20:00,14.6 GB
2023-11-07 14:20:30,14.8 GB
2023-11-07 14:21:00,15.0 GB
2023-11-07 14:21:30,15.2 GB
2023-11-07 14:22:00,15.4 GB
2023-11-07 14:22:30,15.6 GB
2023-11-07 14:23:00,15.8 GB
2023-11-07 14:23:30,16.0 GB
2023-11-07 14:24:00,16.2 GB
2023-11-07 14:24:30,16.4 GB
2023-11-07 14:25:00,16.6 GB
2023-11-07 14:25:30,16.8 GB
2023-11-07 14:26:00,17.0 GB
2023-11-07 14:26:30,17.1 GB
2023-11-07 14:27:00,17.3 GB
2023-11-07 14:27:30,17.4 GB
2023-11-07 14:28:00,17.6 GB
2023-11-07 14:28:30,17.7 GB
2023-11-07 14:29:00,17.9 GB
2023-11-07 14:29:30,18.0 GB
2023-11-07 14:30:00,18.2 GB
2023-11-07 14:30:30,18.3 GB
2023-11-07 14:31:00,18.4 GB
2023-11-07 14:31:30,18.7 GB
2023-11-07 14:32:00,18.6 GB
2023-11-07 14:32:30,18.8 GB
2023-11-07 14:33:00,18.9 GB
2023-11-07 14:33:30,19.0 GB
2023-11-07 14:34:00,19.3 GB
2023-11-07 14:34:30,19.3 GB
2023-11-07 14:35:00,19.4 GB
2023-11-07 14:35:30,19.5 GB
2023-11-07 14:36:00,19.6 GB
2023-11-07 14:36:30,19.7 GB
2023-11-07 14:37:00,19.8 GB
2023-11-07 14:37:30,20.0 GB
2023-11-07 14:38:00,20.3 GB
2023-11-07 14:38:30,20.5 GB
2023-11-07 14:39:00,20.7 GB
2023-11-07 14:39:30,20.9 GB
2023-11-07 14:40:00,21.1 GB
2023-11-07 14:40:30,21.3 GB
2023-11-07 14:41:00,21.5 GB
2023-11-07 14:41:30,21.7 GB
2023-11-07 14:42:00,21.8 GB
2023-11-07 14:42:30,22.0 GB
2023-11-07 14:43:00,22.1 GB
2023-11-07 14:43:30,22.4 GB
2023-11-07 14:44:00,22.7 GB
2023-11-07 14:44:30,23.0 GB
2023-11-07 14:45:00,23.3 GB
2023-11-07 14:45:30,23.6 GB
2023-11-07 14:46:00,23.9 GB
2023-11-07 14:46:30,24.1 GB
2023-11-07 14:47:00,24.4 GB
2023-11-07 14:47:30,24.7 GB
2023-11-07 14:48:00,25.0 GB
2023-11-07 14:48:30,25.3 GB
2023-11-07 14:49:00,25.9 GB
2023-11-07 14:49:30,27.2 GB
2023-11-07 14:50:00,28.4 GB
2023-11-07 14:50:30,29.5 GB
2023-11-07 14:51:00,30.6 GB
2023-11-07 14:51:30,31.5 GB
2023-11-07 14:52:00,32.6 GB
2023-11-07 14:52:30,33.4 GB
2023-11-07 14:53:00,34.2 GB
2023-11-07 14:53:30,34.7 GB
2023-11-07 14:54:00,34.7 GB
2023-11-07 14:54:30,10.2 GB
2023-11-07 14:55:00,10.2 GB
2023-11-07 14:55:30,10.2 GB
2023-11-07 14:56:00,10.2 GB
2023-11-07 14:56:30,10.2 GB
2023-11-07 14:57:00,10.2 GB
2023-11-07 14:57:30,10.2 GB
2023-11-07 14:58:00,10.5 GB
2023-11-07 14:58:30,10.7 GB
2023-11-07 14:59:00,10.9 GB
2023-11-07 14:59:30,11.2 GB
2023-11-07 15:00:00,11.4 GB
2023-11-07 15:00:30,11.6 GB
2023-11-07 15:01:00,11.8 GB
2023-11-07 15:01:30,12.1 GB
2023-11-07 15:02:00,12.3 GB
2023-11-07 15:02:30,12.5 GB
2023-11-07 15:03:00,12.7 GB
2023-11-07 15:03:30,12.9 GB
2023-11-07 15:04:00,13.1 GB
2023-11-07 15:04:30,13.4 GB
2023-11-07 15:05:00,13.6 GB
2023-11-07 15:05:30,13.8 GB
2023-11-07 15:06:00,14.0 GB
2023-11-07 15:06:30,14.2 GB
2023-11-07 15:07:00,14.3 GB
2023-11-07 15:07:30,14.5 GB
2023-11-07 15:08:00,14.7 GB
2023-11-07 15:08:30,14.8 GB
2023-11-07 15:09:00,14.9 GB
2023-11-07 15:09:30,15.1 GB
2023-11-07 15:10:00,15.2 GB
2023-11-07 15:10:30,15.3 GB
2023-11-07 15:11:00,15.4 GB
2023-11-07 15:11:30,15.6 GB
2023-11-07 15:12:00,15.8 GB
2023-11-07 15:12:30,16.0 GB
2023-11-07 15:13:00,16.3 GB
2023-11-07 15:13:30,16.5 GB
2023-11-07 15:14:00,16.7 GB
2023-11-07 15:14:30,16.9 GB
2023-11-07 15:15:00,17.1 GB
2023-11-07 15:15:30,17.3 GB
2023-11-07 15:16:00,17.5 GB
2023-11-07 15:16:30,17.7 GB
2023-11-07 15:17:00,17.8 GB
2023-11-07 15:17:30,18.0 GB
2023-11-07 15:18:00,18.2 GB
2023-11-07 15:18:30,18.3 GB
2023-11-07 15:19:00,18.5 GB
2023-11-07 15:19:30,18.6 GB
2023-11-07 15:20:00,18.8 GB
2023-11-07 15:20:30,18.9 GB
2023-11-07 15:21:00,19.0 GB
2023-11-07 15:21:30,19.2 GB
2023-11-07 15:22:00,19.3 GB
2023-11-07 15:22:30,19.5 GB
2023-11-07 15:23:00,19.5 GB
2023-11-07 15:23:30,19.7 GB
2023-11-07 15:24:00,19.9 GB
2023-11-07 15:24:30,20.1 GB
2023-11-07 15:25:00,20.1 GB
2023-11-07 15:25:30,20.1 GB
2023-11-07 15:26:00,20.2 GB
2023-11-07 15:26:30,20.5 GB
2023-11-07 15:27:00,20.5 GB
2023-11-07 15:27:30,20.6 GB
2023-11-07 15:28:00,20.7 GB
2023-11-07 15:28:30,20.8 GB
2023-11-07 15:29:00,21.1 GB
2023-11-07 15:29:30,21.1 GB
2023-11-07 15:30:00,21.1 GB
2023-11-07 15:30:30,21.2 GB
2023-11-07 15:31:00,21.3 GB
2023-11-07 15:31:30,21.7 GB
2023-11-07 15:32:00,21.7 GB
2023-11-07 15:32:30,21.7 GB
2023-11-07 15:33:00,21.7 GB
2023-11-07 15:33:30,21.9 GB
2023-11-07 15:34:00,22.1 GB
2023-11-07 15:34:30,22.3 GB
2023-11-07 15:35:00,22.5 GB
2023-11-07 15:35:30,22.7 GB
2023-11-07 15:36:00,22.9 GB
2023-11-07 15:36:30,23.1 GB
2023-11-07 15:37:00,23.3 GB
2023-11-07 15:37:30,23.5 GB
2023-11-07 15:38:00,23.7 GB
2023-11-07 15:38:30,23.9 GB
2023-11-07 15:39:00,24.0 GB
2023-11-07 15:39:30,24.2 GB
2023-11-07 15:40:00,24.3 GB
2023-11-07 15:40:30,24.5 GB
2023-11-07 15:41:00,24.7 GB
2023-11-07 15:41:30,24.9 GB
2023-11-07 15:42:00,25.2 GB
2023-11-07 15:42:30,25.5 GB
2023-11-07 15:43:00,25.8 GB
2023-11-07 15:43:30,26.0 GB
2023-11-07 15:44:00,26.3 GB
2023-11-07 15:44:30,26.6 GB
2023-11-07 15:45:00,26.8 GB
2023-11-07 15:45:30,27.1 GB
2023-11-07 15:46:00,27.4 GB
2023-11-07 15:46:30,27.7 GB
2023-11-07 15:47:00,28.0 GB
2023-11-07 15:47:30,28.3 GB
2023-11-07 15:48:00,28.6 GB
2023-11-07 15:48:30,29.6 GB
2023-11-07 15:49:00,30.6 GB
2023-11-07 15:49:30,31.8 GB
2023-11-07 15:50:00,32.9 GB
2023-11-07 15:50:30,34.0 GB
2023-11-07 15:51:00,35.1 GB
2023-11-07 15:51:30,36.1 GB
2023-11-07 15:52:00,37.2 GB
2023-11-07 15:52:30,38.1 GB
2023-11-07 15:53:00,38.7 GB
2023-11-07 15:53:30,39.5 GB
2023-11-07 15:54:00,39.8 GB
2023-11-07 15:54:30,39.8 GB
2023-11-07 15:55:00,10.2 GB
2023-11-07 15:55:30,10.2 GB
2023-11-07 15:56:00,10.2 GB
2023-11-07 15:56:30,10.2 GB
2023-11-07 15:57:00,10.2 GB
2023-11-07 15:57:30,10.2 GB
2023-11-07 15:58:00,10.2 GB
2023-11-07 15:58:30,10.2 GB
2023-11-07 15:59:00,10.4 GB
2023-11-07 15:59:30,10.6 GB
2023-11-07 16:00:00,10.8 GB
2023-11-07 16:00:30,11.1 GB
2023-11-07 16:01:00,11.3 GB
2023-11-07 16:01:30,11.5 GB
2023-11-07 16:02:00,11.7 GB
2023-11-07 16:02:30,11.9 GB
2023-11-07 16:03:00,12.1 GB
2023-11-07 16:03:30,12.4 GB
2023-11-07 16:04:00,12.6 GB
2023-11-07 16:04:30,12.8 GB
2023-11-07 16:05:00,13.0 GB
2023-11-07 16:05:30,13.2 GB
2023-11-07 16:06:00,13.4 GB
2023-11-07 16:06:30,13.6 GB
2023-11-07 16:07:00,13.8 GB
2023-11-07 16:07:30,14.1 GB
2023-11-07 16:08:00,14.3 GB
2023-11-07 16:08:30,14.5 GB
2023-11-07 16:09:00,14.6 GB
2023-11-07 16:09:30,14.8 GB
2023-11-07 16:10:00,15.0 GB
2023-11-07 16:10:30,15.2 GB
2023-11-07 16:11:00,15.4 GB
2023-11-07 16:11:30,15.5 GB
2023-11-07 16:12:00,15.6 GB
2023-11-07 16:12:30,15.7 GB
2023-11-07 16:13:00,15.9 GB
2023-11-07 16:13:30,16.0 GB
2023-11-07 16:14:00,16.1 GB
2023-11-07 16:14:30,16.2 GB
2023-11-07 16:15:00,16.3 GB
2023-11-07 16:15:30,16.5 GB
2023-11-07 16:16:00,16.6 GB
2023-11-07 16:16:30,16.7 GB
2023-11-07 16:17:00,16.8 GB
2023-11-07 16:17:30,17.0 GB
2023-11-07 16:18:00,17.2 GB
2023-11-07 16:18:30,17.5 GB
2023-11-07 16:19:00,17.7 GB
2023-11-07 16:19:30,17.9 GB
2023-11-07 16:20:00,18.1 GB
2023-11-07 16:20:30,18.3 GB
2023-11-07 16:21:00,18.5 GB
2023-11-07 16:21:30,18.7 GB
2023-11-07 16:22:00,18.9 GB
2023-11-07 16:22:30,19.1 GB
2023-11-07 16:23:00,19.2 GB
2023-11-07 16:23:30,19.4 GB
2023-11-07 16:24:00,19.5 GB
2023-11-07 16:24:30,19.7 GB
2023-11-07 16:25:00,19.8 GB
2023-11-07 16:25:30,20.0 GB
2023-11-07 16:26:00,20.1 GB
2023-11-07 16:26:30,20.2 GB
2023-11-07 16:27:00,20.3 GB
2023-11-07 16:27:30,20.5 GB
2023-11-07 16:28:00,20.6 GB
2023-11-07 16:28:30,20.7 GB
2023-11-07 16:29:00,20.8 GB
2023-11-07 16:29:30,21.0 GB
2023-11-07 16:30:00,21.1 GB
2023-11-07 16:30:30,21.2 GB
2023-11-07 16:31:00,21.3 GB
2023-11-07 16:31:30,21.4 GB
2023-11-07 16:32:00,21.5 GB
2023-11-07 16:32:30,21.7 GB
2023-11-07 16:33:00,21.8 GB
2023-11-07 16:33:30,21.9 GB
2023-11-07 16:34:00,22.0 GB
2023-11-07 16:34:30,22.1 GB
2023-11-07 16:35:00,22.1 GB
2023-11-07 16:35:30,22.3 GB
2023-11-07 16:36:00,22.5 GB
2023-11-07 16:36:30,22.5 GB
2023-11-07 16:37:00,22.6 GB
2023-11-07 16:37:30,22.8 GB
2023-11-07 16:38:00,22.8 GB
2023-11-07 16:38:30,22.9 GB
2023-11-07 16:39:00,23.0 GB
2023-11-07 16:39:30,23.3 GB
2023-11-07 16:40:00,23.1 GB
2023-11-07 16:40:30,23.2 GB
2023-11-07 16:41:00,23.5 GB
2023-11-07 16:41:30,23.4 GB
2023-11-07 16:42:00,23.5 GB
2023-11-07 16:42:30,23.9 GB
2023-11-07 16:43:00,23.8 GB
2023-11-07 16:43:30,23.9 GB
2023-11-07 16:44:00,24.0 GB
2023-11-07 16:44:30,24.1 GB
2023-11-07 16:45:00,24.3 GB
2023-11-07 16:45:30,24.4 GB
2023-11-07 16:46:00,24.7 GB
2023-11-07 16:46:30,24.9 GB
2023-11-07 16:47:00,25.1 GB
2023-11-07 16:47:30,25.3 GB
2023-11-07 16:48:00,25.5 GB
2023-11-07 16:48:30,25.7 GB
2023-11-07 16:49:00,25.9 GB
2023-11-07 16:49:30,26.1 GB
2023-11-07 16:50:00,26.3 GB
2023-11-07 16:50:30,26.4 GB
2023-11-07 16:51:00,26.6 GB
2023-11-07 16:51:30,26.7 GB
2023-11-07 16:52:00,26.9 GB
2023-11-07 16:52:30,27.0 GB
2023-11-07 16:53:00,27.1 GB
2023-11-07 16:53:30,27.2 GB
2023-11-07 16:54:00,27.4 GB
2023-11-07 16:54:30,27.5 GB
2023-11-07 16:55:00,27.7 GB
2023-11-07 16:55:30,28.0 GB
2023-11-07 16:56:00,28.3 GB
2023-11-07 16:56:30,28.6 GB
2023-11-07 16:57:00,28.9 GB
2023-11-07 16:57:30,29.1 GB
2023-11-07 16:58:00,29.4 GB
2023-11-07 16:58:30,29.7 GB
2023-11-07 16:59:00,29.9 GB
2023-11-07 16:59:30,30.2 GB
2023-11-07 17:00:00,30.4 GB
2023-11-07 17:00:30,30.8 GB
2023-11-07 17:01:00,31.1 GB
2023-11-07 17:01:30,31.3 GB
2023-11-07 17:02:00,31.6 GB
2023-11-07 17:02:30,31.9 GB
2023-11-07 17:03:00,32.2 GB
2023-11-07 17:03:30,33.1 GB
2023-11-07 17:04:00,34.4 GB
2023-11-07 17:04:30,35.6 GB
2023-11-07 17:05:00,36.9 GB
2023-11-07 17:05:30,37.9 GB
2023-11-07 17:06:00,39.1 GB
2023-11-07 17:06:30,40.2 GB
2023-11-07 17:07:00,41.5 GB
2023-11-07 17:07:30,42.7 GB
2023-11-07 17:08:00,43.6 GB
2023-11-07 17:08:30,44.4 GB
2023-11-07 17:09:00,45.2 GB
2023-11-07 17:09:30,45.8 GB
2023-11-07 17:10:00,45.6 GB
2023-11-07 17:10:30,45.6 GB
2023-11-07 17:11:00,10.2 GB
2023-11-07 17:11:30,10.2 GB
2023-11-07 17:12:00,10.2 GB
2023-11-07 17:12:30,10.2 GB
2023-11-07 17:13:00,10.2 GB
2023-11-07 17:13:30,10.2 GB
2023-11-07 17:14:00,10.2 GB
2023-11-07 17:14:30,10.2 GB
2023-11-07 17:15:00,10.2 GB
2023-11-07 17:15:30,10.2 GB
2023-11-07 17:16:00,10.5 GB
2023-11-07 17:16:30,10.6 GB
2023-11-07 17:17:00,10.9 GB
2023-11-07 17:17:30,11.1 GB
2023-11-07 17:18:00,11.3 GB
2023-11-07 17:18:30,11.5 GB
2023-11-07 17:19:00,11.7 GB
2023-11-07 17:19:30,11.9 GB
2023-11-07 17:20:00,12.1 GB
2023-11-07 17:20:30,12.3 GB
2023-11-07 17:21:00,12.5 GB
2023-11-07 17:21:30,12.8 GB
2023-11-07 17:22:00,13.0 GB
2023-11-07 17:22:30,13.2 GB
2023-11-07 17:23:00,13.4 GB
2023-11-07 17:23:30,13.6 GB
2023-11-07 17:24:00,13.8 GB
2023-11-07 17:24:30,13.9 GB
2023-11-07 17:25:00,14.2 GB
2023-11-07 17:25:30,14.3 GB
2023-11-07 17:26:00,14.6 GB
2023-11-07 17:26:30,14.8 GB
2023-11-07 17:27:00,15.0 GB
2023-11-07 17:27:30,15.2 GB
2023-11-07 17:28:00,15.3 GB
2023-11-07 17:28:30,15.5 GB
2023-11-07 17:29:00,15.7 GB
2023-11-07 17:29:30,15.8 GB
2023-11-07 17:30:00,16.0 GB
2023-11-07 17:30:30,16.1 GB
2023-11-07 17:31:00,16.3 GB
2023-11-07 17:31:30,16.4 GB
2023-11-07 17:32:00,16.5 GB
2023-11-07 17:32:30,16.7 GB
2023-11-07 17:33:00,16.7 GB
2023-11-07 17:33:30,16.9 GB
2023-11-07 17:34:00,16.9 GB
2023-11-07 17:34:30,17.0 GB
2023-11-07 17:35:00,17.1 GB
2023-11-07 17:35:30,17.2 GB
2023-11-07 17:36:00,17.3 GB
2023-11-07 17:36:30,17.4 GB
2023-11-07 17:37:00,17.5 GB
2023-11-07 17:37:30,17.5 GB
2023-11-07 17:38:00,17.8 GB
2023-11-07 17:38:30,17.8 GB
2023-11-07 17:39:00,17.8 GB
2023-11-07 17:39:30,18.0 GB
2023-11-07 17:40:00,18.0 GB
2023-11-07 17:40:30,18.2 GB
2023-11-07 17:41:00,18.5 GB
2023-11-07 17:41:30,18.7 GB
2023-11-07 17:42:00,18.9 GB
2023-11-07 17:42:30,19.1 GB
2023-11-07 17:43:00,19.3 GB
2023-11-07 17:43:30,19.5 GB
2023-11-07 17:44:00,19.7 GB
2023-11-07 17:44:30,19.9 GB
2023-11-07 17:45:00,20.0 GB
2023-11-07 17:45:30,20.2 GB
2023-11-07 17:46:00,20.4 GB
2023-11-07 17:46:30,20.5 GB
2023-11-07 17:47:00,20.7 GB
2023-11-07 17:47:30,20.8 GB
2023-11-07 17:48:00,21.0 GB
2023-11-07 17:48:30,21.1 GB
2023-11-07 17:49:00,21.3 GB
2023-11-07 17:49:30,21.4 GB
2023-11-07 17:50:00,21.5 GB
2023-11-07 17:50:30,21.6 GB
2023-11-07 17:51:00,21.8 GB
2023-11-07 17:51:30,21.9 GB
2023-11-07 17:52:00,22.2 GB
2023-11-07 17:52:30,22.1 GB
2023-11-07 17:53:00,22.2 GB
2023-11-07 17:53:30,22.3 GB
2023-11-07 17:54:00,22.6 GB
2023-11-07 17:54:30,22.7 GB
2023-11-07 17:55:00,22.6 GB
2023-11-07 17:55:30,22.8 GB
2023-11-07 17:56:00,23.0 GB
2023-11-07 17:56:30,23.1 GB
2023-11-07 17:57:00,23.2 GB
2023-11-07 17:57:30,23.3 GB
2023-11-07 17:58:00,23.4 GB
2023-11-07 17:58:30,23.5 GB
2023-11-07 17:59:00,23.6 GB
2023-11-07 17:59:30,23.6 GB
2023-11-07 18:00:00,23.7 GB
2023-11-07 18:00:30,23.8 GB
2023-11-07 18:01:00,23.9 GB
2023-11-07 18:01:30,24.1 GB
2023-11-07 18:02:00,24.2 GB
2023-11-07 18:02:30,24.2 GB
2023-11-07 18:03:00,24.4 GB
2023-11-07 18:03:30,24.6 GB
2023-11-07 18:04:00,24.5 GB
2023-11-07 18:04:30,24.8 GB
2023-11-07 18:05:00,24.8 GB
2023-11-07 18:05:30,24.8 GB
2023-11-07 18:06:00,25.1 GB
2023-11-07 18:06:30,25.1 GB
2023-11-07 18:07:00,25.4 GB
2023-11-07 18:07:30,25.4 GB
2023-11-07 18:08:00,25.2 GB
2023-11-07 18:08:30,25.3 GB
2023-11-07 18:09:00,25.4 GB
2023-11-07 18:09:30,25.5 GB
2023-11-07 18:10:00,25.6 GB
2023-11-07 18:10:30,26.0 GB
2023-11-07 18:11:00,25.9 GB
2023-11-07 18:11:30,26.0 GB
2023-11-07 18:12:00,26.1 GB
2023-11-07 18:12:30,26.2 GB
2023-11-07 18:13:00,26.4 GB
2023-11-07 18:13:30,26.2 GB
2023-11-07 18:14:00,26.3 GB
2023-11-07 18:14:30,26.6 GB
2023-11-07 18:15:00,26.5 GB
2023-11-07 18:15:30,26.9 GB
2023-11-07 18:16:00,26.7 GB
2023-11-07 18:16:30,26.9 GB
2023-11-07 18:17:00,27.1 GB
2023-11-07 18:17:30,27.2 GB
2023-11-07 18:18:00,27.5 GB
2023-11-07 18:18:30,27.7 GB
2023-11-07 18:19:00,27.9 GB
2023-11-07 18:19:30,28.1 GB
2023-11-07 18:20:00,28.3 GB
2023-11-07 18:20:30,28.4 GB
2023-11-07 18:21:00,28.6 GB
2023-11-07 18:21:30,28.8 GB
2023-11-07 18:22:00,28.9 GB
2023-11-07 18:22:30,29.1 GB
2023-11-07 18:23:00,29.2 GB
2023-11-07 18:23:30,29.4 GB
2023-11-07 18:24:00,29.5 GB
2023-11-07 18:24:30,29.6 GB
2023-11-07 18:25:00,29.7 GB
2023-11-07 18:25:30,29.9 GB
2023-11-07 18:26:00,30.0 GB
2023-11-07 18:26:30,30.2 GB
2023-11-07 18:27:00,30.3 GB
2023-11-07 18:27:30,30.4 GB
2023-11-07 18:28:00,30.4 GB
2023-11-07 18:28:30,30.5 GB
2023-11-07 18:29:00,30.7 GB
2023-11-07 18:29:30,30.8 GB
2023-11-07 18:30:00,31.0 GB
2023-11-07 18:30:30,31.2 GB
2023-11-07 18:31:00,31.4 GB
2023-11-07 18:31:30,31.7 GB
2023-11-07 18:32:00,32.0 GB
2023-11-07 18:32:30,32.2 GB
2023-11-07 18:33:00,32.5 GB
2023-11-07 18:33:30,32.8 GB
2023-11-07 18:34:00,33.0 GB
2023-11-07 18:34:30,33.3 GB
2023-11-07 18:35:00,33.5 GB
2023-11-07 18:35:30,33.8 GB
2023-11-07 18:36:00,34.0 GB
2023-11-07 18:36:30,34.2 GB
2023-11-07 18:37:00,34.4 GB
2023-11-07 18:37:30,34.7 GB
2023-11-07 18:38:00,35.0 GB
2023-11-07 18:38:30,35.3 GB
2023-11-07 18:39:00,35.6 GB
2023-11-07 18:39:30,35.9 GB
2023-11-07 18:40:00,36.2 GB
2023-11-07 18:40:30,36.5 GB
2023-11-07 18:41:00,37.3 GB
2023-11-07 18:41:30,38.5 GB
2023-11-07 18:42:00,39.8 GB
2023-11-07 18:42:30,41.1 GB
2023-11-07 18:43:00,42.3 GB
2023-11-07 18:43:30,43.5 GB
2023-11-07 18:44:00,44.6 GB
2023-11-07 18:44:30,45.7 GB
2023-11-07 18:45:00,46.7 GB
2023-11-07 18:45:30,47.7 GB
2023-11-07 18:46:00,48.7 GB
2023-11-07 18:46:30,49.9 GB
2023-11-07 18:47:00,50.3 GB
2023-11-07 18:47:30,51.0 GB
2023-11-07 18:48:00,51.5 GB
2023-11-07 18:48:30,52.2 GB
2023-11-07 18:49:00,52.4 GB
2023-11-07 18:49:30,52.4 GB
2023-11-07 18:50:00,52.4 GB
2023-11-07 18:50:30,10.2 GB
2023-11-07 18:51:00,10.2 GB
2023-11-07 18:51:30,10.2 GB
2023-11-07 18:52:00,10.2 GB
2023-11-07 18:52:30,10.2 GB
2023-11-07 18:53:00,10.2 GB
2023-11-07 18:53:30,10.2 GB
2023-11-07 18:54:00,10.2 GB
2023-11-07 18:54:30,10.2 GB
2023-11-07 18:55:00,10.2 GB
2023-11-07 18:55:30,10.2 GB
2023-11-07 18:56:00,10.2 GB
2023-11-07 18:56:30,10.4 GB
2023-11-07 18:57:00,10.6 GB
2023-11-07 18:57:30,10.8 GB
2023-11-07 18:58:00,11.0 GB
2023-11-07 18:58:30,11.3 GB
2023-11-07 18:59:00,11.5 GB
2023-11-07 18:59:30,11.6 GB
2023-11-07 19:00:00,11.8 GB
2023-11-07 19:00:30,12.0 GB
2023-11-07 19:01:00,12.2 GB
2023-11-07 19:01:30,12.4 GB
2023-11-07 19:02:00,12.6 GB
2023-11-07 19:02:30,12.8 GB
2023-11-07 19:03:00,13.0 GB
2023-11-07 19:03:30,13.2 GB
2023-11-07 19:04:00,13.5 GB
2023-11-07 19:04:30,13.6 GB
2023-11-07 19:05:00,13.8 GB
2023-11-07 19:05:30,14.1 GB
2023-11-07 19:06:00,14.2 GB
2023-11-07 19:06:30,14.4 GB
2023-11-07 19:07:00,14.6 GB
2023-11-07 19:07:30,14.8 GB
2023-11-07 19:08:00,15.0 GB
2023-11-07 19:08:30,15.2 GB
2023-11-07 19:09:00,15.4 GB
2023-11-07 19:09:30,15.6 GB
2023-11-07 19:10:00,15.8 GB
2023-11-07 19:10:30,16.0 GB
2023-11-07 19:11:00,16.2 GB
2023-11-07 19:11:30,16.4 GB
2023-11-07 19:12:00,16.5 GB
2023-11-07 19:12:30,16.7 GB
2023-11-07 19:13:00,16.8 GB
2023-11-07 19:13:30,16.9 GB
2023-11-07 19:14:00,17.1 GB
2023-11-07 19:14:30,17.2 GB
2023-11-07 19:15:00,17.3 GB
2023-11-07 19:15:30,17.5 GB
2023-11-07 19:16:00,17.5 GB
2023-11-07 19:16:30,17.8 GB
2023-11-07 19:17:00,17.7 GB
2023-11-07 19:17:30,17.8 GB
2023-11-07 19:18:00,18.0 GB
2023-11-07 19:18:30,18.0 GB
2023-11-07 19:19:00,18.2 GB
2023-11-07 19:19:30,18.3 GB
2023-11-07 19:20:00,18.5 GB
2023-11-07 19:20:30,18.6 GB
2023-11-07 19:21:00,18.6 GB
2023-11-07 19:21:30,18.6 GB
2023-11-07 19:22:00,18.7 GB
2023-11-07 19:22:30,18.7 GB
2023-11-07 19:23:00,19.1 GB
2023-11-07 19:23:30,19.2 GB
2023-11-07 19:24:00,19.1 GB
2023-11-07 19:24:30,19.0 GB
2023-11-07 19:25:00,19.2 GB
2023-11-07 19:25:30,19.2 GB
2023-11-07 19:26:00,19.3 GB
2023-11-07 19:26:30,19.6 GB
2023-11-07 19:27:00,19.5 GB
2023-11-07 19:27:30,19.7 GB
2023-11-07 19:28:00,20.0 GB
2023-11-07 19:28:30,20.2 GB
2023-11-07 19:29:00,20.4 GB
2023-11-07 19:29:30,20.6 GB
2023-11-07 19:30:00,20.7 GB
2023-11-07 19:30:30,20.9 GB
2023-11-07 19:31:00,21.1 GB
2023-11-07 19:31:30,21.3 GB
2023-11-07 19:32:00,21.5 GB
2023-11-07 19:32:30,21.6 GB
2023-11-07 19:33:00,21.7 GB
2023-11-07 19:33:30,21.9 GB
2023-11-07 19:34:00,22.1 GB
2023-11-07 19:34:30,22.2 GB
2023-11-07 19:35:00,22.4 GB
2023-11-07 19:35:30,22.5 GB
2023-11-07 19:36:00,22.7 GB
2023-11-07 19:36:30,22.9 GB
2023-11-07 19:37:00,22.9 GB
2023-11-07 19:37:30,23.1 GB
2023-11-07 19:38:00,23.2 GB
2023-11-07 19:38:30,23.3 GB
2023-11-07 19:39:00,23.5 GB
2023-11-07 19:39:30,23.6 GB
2023-11-07 19:40:00,23.6 GB
2023-11-07 19:40:30,23.7 GB
2023-11-07 19:41:00,23.9 GB
2023-11-07 19:41:30,24.0 GB
2023-11-07 19:42:00,24.3 GB
2023-11-07 19:42:30,24.3 GB
2023-11-07 19:43:00,24.5 GB
2023-11-07 19:43:30,24.4 GB
2023-11-07 19:44:00,24.5 GB
2023-11-07 19:44:30,24.6 GB
2023-11-07 19:45:00,24.7 GB
2023-11-07 19:45:30,24.8 GB
2023-11-07 19:46:00,24.9 GB
2023-11-07 19:46:30,25.0 GB
2023-11-07 19:47:00,25.1 GB
2023-11-07 19:47:30,25.2 GB
2023-11-07 19:48:00,25.4 GB
2023-11-07 19:48:30,25.4 GB
2023-11-07 19:49:00,25.6 GB
2023-11-07 19:49:30,25.8 GB
2023-11-07 19:50:00,25.9 GB
2023-11-07 19:50:30,25.8 GB
2023-11-07 19:51:00,25.9 GB
2023-11-07 19:51:30,26.1 GB
2023-11-07 19:52:00,26.1 GB
2023-11-07 19:52:30,26.5 GB
2023-11-07 19:53:00,26.5 GB
2023-11-07 19:53:30,26.4 GB
2023-11-07 19:54:00,26.5 GB
2023-11-07 19:54:30,26.8 GB
2023-11-07 19:55:00,26.9 GB
2023-11-07 19:55:30,26.8 GB
2023-11-07 19:56:00,27.1 GB
2023-11-07 19:56:30,27.2 GB
2023-11-07 19:57:00,27.2 GB
2023-11-07 19:57:30,27.2 GB
2023-11-07 19:58:00,27.5 GB
2023-11-07 19:58:30,27.6 GB
2023-11-07 19:59:00,27.4 GB
2023-11-07 19:59:30,27.6 GB
2023-11-07 20:00:00,27.9 GB
2023-11-07 20:00:30,27.8 GB
2023-11-07 20:01:00,28.1 GB
2023-11-07 20:01:30,27.9 GB
2023-11-07 20:02:00,28.1 GB
2023-11-07 20:02:30,28.1 GB
2023-11-07 20:03:00,28.1 GB
2023-11-07 20:03:30,28.5 GB
2023-11-07 20:04:00,28.5 GB
2023-11-07 20:04:30,28.4 GB
2023-11-07 20:05:00,28.4 GB
2023-11-07 20:05:30,28.7 GB
2023-11-07 20:06:00,28.7 GB
2023-11-07 20:06:30,29.1 GB
2023-11-07 20:07:00,29.1 GB
2023-11-07 20:07:30,28.9 GB
2023-11-07 20:08:00,29.0 GB
2023-11-07 20:08:30,29.3 GB
2023-11-07 20:09:00,29.4 GB
2023-11-07 20:09:30,29.3 GB
2023-11-07 20:10:00,29.6 GB
2023-11-07 20:10:30,29.4 GB
2023-11-07 20:11:00,29.9 GB
2023-11-07 20:11:30,29.6 GB
2023-11-07 20:12:00,29.8 GB
2023-11-07 20:12:30,29.7 GB
2023-11-07 20:13:00,30.0 GB
2023-11-07 20:13:30,30.2 GB
2023-11-07 20:14:00,30.0 GB
2023-11-07 20:14:30,30.3 GB
2023-11-07 20:15:00,30.4 GB
2023-11-07 20:15:30,30.6 GB
2023-11-07 20:16:00,30.8 GB
2023-11-07 20:16:30,31.0 GB
2023-11-07 20:17:00,31.2 GB
2023-11-07 20:17:30,31.4 GB
2023-11-07 20:18:00,31.6 GB
2023-11-07 20:18:30,31.7 GB
2023-11-07 20:19:00,31.9 GB
2023-11-07 20:19:30,32.1 GB
2023-11-07 20:20:00,32.3 GB
2023-11-07 20:20:30,32.4 GB
2023-11-07 20:21:00,32.6 GB
2023-11-07 20:21:30,32.7 GB
2023-11-07 20:22:00,32.8 GB
2023-11-07 20:22:30,33.0 GB
2023-11-07 20:23:00,33.1 GB
2023-11-07 20:23:30,33.2 GB
2023-11-07 20:24:00,33.4 GB
2023-11-07 20:24:30,33.4 GB
2023-11-07 20:25:00,33.5 GB
2023-11-07 20:25:30,33.6 GB
2023-11-07 20:26:00,33.8 GB
2023-11-07 20:26:30,33.9 GB
2023-11-07 20:27:00,33.9 GB
2023-11-07 20:27:30,34.0 GB
2023-11-07 20:28:00,34.1 GB
2023-11-07 20:28:30,34.3 GB
2023-11-07 20:29:00,34.3 GB
2023-11-07 20:29:30,34.4 GB
2023-11-07 20:30:00,34.6 GB
2023-11-07 20:30:30,34.6 GB
2023-11-07 20:31:00,34.8 GB
2023-11-07 20:31:30,34.8 GB
2023-11-07 20:32:00,35.0 GB
2023-11-07 20:32:30,35.2 GB
2023-11-07 20:33:00,35.5 GB
2023-11-07 20:33:30,35.8 GB
2023-11-07 20:34:00,36.1 GB
2023-11-07 20:34:30,36.4 GB
2023-11-07 20:35:00,36.6 GB
2023-11-07 20:35:30,36.9 GB
2023-11-07 20:36:00,37.1 GB
2023-11-07 20:36:30,37.4 GB
2023-11-07 20:37:00,37.6 GB
2023-11-07 20:37:30,37.8 GB
2023-11-07 20:38:00,38.0 GB
2023-11-07 20:38:30,38.3 GB
2023-11-07 20:39:00,38.5 GB
2023-11-07 20:39:30,38.8 GB
2023-11-07 20:40:00,39.0 GB
2023-11-07 20:40:30,39.2 GB
2023-11-07 20:41:00,39.5 GB
2023-11-07 20:41:30,39.8 GB
2023-11-07 20:42:00,40.1 GB
2023-11-07 20:42:30,40.4 GB
2023-11-07 20:43:00,40.7 GB
2023-11-07 20:43:30,41.0 GB
2023-11-07 20:44:00,41.3 GB
2023-11-07 20:44:30,41.5 GB
2023-11-07 20:45:00,42.0 GB
2023-11-07 20:45:30,43.3 GB
2023-11-07 20:46:00,44.5 GB
2023-11-07 20:46:30,45.6 GB
2023-11-07 20:47:00,46.7 GB
2023-11-07 20:47:30,47.8 GB
2023-11-07 20:48:00,48.6 GB
2023-11-07 20:48:30,49.7 GB
2023-11-07 20:49:00,50.7 GB
2023-11-07 20:49:30,51.6 GB
2023-11-07 20:50:00,52.6 GB
2023-11-07 20:50:30,53.7 GB
2023-11-07 20:51:00,54.6 GB
2023-11-07 20:51:30,55.8 GB
2023-11-07 20:52:00,57.0 GB
2023-11-07 20:52:30,57.8 GB
2023-11-07 20:53:00,58.6 GB
2023-11-07 20:53:30,59.2 GB
2023-11-07 20:54:00,59.9 GB
2023-11-07 20:54:30,60.5 GB
2023-11-07 20:55:00,60.7 GB
2023-11-07 20:55:30,60.7 GB
2023-11-07 20:56:00,60.7 GB
2023-11-07 20:56:30,10.2 GB
2023-11-07 20:57:00,10.2 GB
2023-11-07 20:57:30,10.2 GB
2023-11-07 20:58:00,10.2 GB
2023-11-07 20:58:30,10.2 GB
2023-11-07 20:59:00,10.2 GB
2023-11-07 20:59:30,10.2 GB
2023-11-07 21:00:00,10.2 GB
2023-11-07 21:00:30,10.2 GB
2023-11-07 21:01:00,10.2 GB
2023-11-07 21:01:30,10.2 GB
2023-11-07 21:02:00,10.2 GB
2023-11-07 21:02:30,10.2 GB
2023-11-07 21:03:00,10.4 GB
2023-11-07 21:03:30,10.6 GB
2023-11-07 21:04:00,10.8 GB
2023-11-07 21:04:30,10.9 GB
2023-11-07 21:05:00,11.2 GB
2023-11-07 21:05:30,11.4 GB
2023-11-07 21:06:00,11.6 GB
2023-11-07 21:06:30,11.8 GB
2023-11-07 21:07:00,11.9 GB
2023-11-07 21:07:30,12.1 GB
2023-11-07 21:08:00,12.3 GB
2023-11-07 21:08:30,12.5 GB
2023-11-07 21:09:00,12.6 GB
2023-11-07 21:09:30,12.8 GB
2023-11-07 21:10:00,13.0 GB
2023-11-07 21:10:30,13.2 GB
2023-11-07 21:11:00,13.4 GB
2023-11-07 21:11:30,13.7 GB
2023-11-07 21:12:00,13.9 GB
2023-11-07 21:12:30,14.1 GB
2023-11-07 21:13:00,14.3 GB
2023-11-07 21:13:30,14.5 GB
2023-11-07 21:14:00,14.7 GB
2023-11-07 21:14:30,14.8 GB
2023-11-07 21:15:00,15.0 GB
2023-11-07 21:15:30,15.2 GB
2023-11-07 21:16:00,15.3 GB
2023-11-07 21:16:30,15.5 GB
2023-11-07 21:17:00,15.7 GB
2023-11-07 21:17:30,15.9 GB
2023-11-07 21:18:00,16.1 GB
2023-11-07 21:18:30,16.3 GB
2023-11-07 21:19:00,16.5 GB
2023-11-07 21:19:30,16.7 GB
2023-11-07 21:20:00,16.9 GB
2023-11-07 21:20:30,17.1 GB
2023-11-07 21:21:00,17.2 GB
2023-11-07 21:21:30,17.4 GB
2023-11-07 21:22:00,17.5 GB
2023-11-07 21:22:30,17.7 GB
2023-11-07 21:23:00,17.8 GB
2023-11-07 21:23:30,17.9 GB
2023-11-07 21:24:00,18.0 GB
2023-11-07 21:24:30,18.1 GB
2023-11-07 21:25:00,18.3 GB
2023-11-07 21:25:30,18.4 GB
2023-11-07 21:26:00,18.5 GB
2023-11-07 21:26:30,18.7 GB
2023-11-07 21:27:00,18.7 GB
2023-11-07 21:27:30,18.8 GB
2023-11-07 21:28:00,18.9 GB
2023-11-07 21:28:30,19.1 GB
2023-11-07 21:29:00,19.2 GB
2023-11-07 21:29:30,19.2 GB
2023-11-07 21:30:00,19.4 GB
2023-11-07 21:30:30,19.5 GB
2023-11-07 21:31:00,19.6 GB
2023-11-07 21:31:30,19.6 GB
2023-11-07 21:32:00,19.7 GB
2023-11-07 21:32:30,19.7 GB
2023-11-07 21:33:00,20.1 GB
2023-11-07 21:33:30,20.0 GB
2023-11-07 21:34:00,20.1 GB
2023-11-07 21:34:30,20.3 GB
2023-11-07 21:35:00,20.2 GB
2023-11-07 21:35:30,20.3 GB
2023-11-07 21:36:00,20.2 GB
2023-11-07 21:36:30,20.7 GB
2023-11-07 21:37:00,20.6 GB
2023-11-07 21:37:30,20.5 GB
2023-11-07 21:38:00,21.0 GB
2023-11-07 21:38:30,20.9 GB
2023-11-07 21:39:00,20.8 GB
2023-11-07 21:39:30,20.8 GB
2023-11-07 21:40:00,21.2 GB
2023-11-07 21:40:30,20.9 GB
2023-11-07 21:41:00,21.3 GB
2023-11-07 21:41:30,21.2 GB
2023-11-07 21:42:00,21.3 GB
2023-11-07 21:42:30,21.3 GB
2023-11-07 21:43:00,21.6 GB
2023-11-07 21:43:30,21.8 GB
2023-11-07 21:44:00,22.0 GB
2023-11-07 21:44:30,22.2 GB
2023-11-07 21:45:00,22.4 GB
2023-11-07 21:45:30,22.6 GB
2023-11-07 21:46:00,22.8 GB
2023-11-07 21:46:30,23.0 GB
2023-11-07 21:47:00,23.1 GB
2023-11-07 21:47:30,23.3 GB
2023-11-07 21:48:00,23.5 GB
2023-11-07 21:48:30,23.7 GB
2023-11-07 21:49:00,23.8 GB
2023-11-07 21:49:30,24.0 GB
2023-11-07 21:50:00,24.1 GB
2023-11-07 21:50:30,24.3 GB
2023-11-07 21:51:00,24.4 GB
2023-11-07 21:51:30,24.5 GB
2023-11-07 21:52:00,24.7 GB
2023-11-07 21:52:30,24.8 GB
2023-11-07 21:53:00,25.0 GB
2023-11-07 21:53:30,25.1 GB
2023-11-07 21:54:00,25.2 GB
2023-11-07 21:54:30,25.3 GB
2023-11-07 21:55:00,25.4 GB
2023-11-07 21:55:30,25.5 GB
2023-11-07 21:56:00,25.7 GB
2023-11-07 21:56:30,25.8 GB
2023-11-07 21:57:00,25.9 GB
2023-11-07 21:57:30,26.0 GB
2023-11-07 21:58:00,26.1 GB
2023-11-07 21:58:30,26.2 GB
2023-11-07 21:59:00,26.4 GB
2023-11-07 21:59:30,26.6 GB
2023-11-07 22:00:00,26.5 GB
2023-11-07 22:00:30,26.6 GB
2023-11-07 22:01:00,26.7 GB
2023-11-07 22:01:30,26.8 GB
2023-11-07 22:02:00,26.9 GB
2023-11-07 22:02:30,27.0 GB
2023-11-07 22:03:00,27.1 GB
2023-11-07 22:03:30,27.2 GB
2023-11-07 22:04:00,27.3 GB
2023-11-07 22:04:30,27.4 GB
2023-11-07 22:05:00,27.7 GB
2023-11-07 22:05:30,27.8 GB
2023-11-07 22:06:00,27.8 GB
2023-11-07 22:06:30,28.2 GB
2023-11-07 22:07:00,28.1 GB
2023-11-07 22:07:30,28.2 GB
2023-11-07 22:08:00,28.1 GB
2023-11-07 22:08:30,28.4 GB
2023-11-07 22:09:00,28.3 GB
2023-11-07 22:09:30,28.8 GB
2023-11-07 22:10:00,28.7 GB
2023-11-07 22:10:30,28.7 GB
2023-11-07 22:11:00,28.7 GB
2023-11-07 22:11:30,28.8 GB
2023-11-07 22:12:00,28.9 GB
2023-11-07 22:12:30,29.0 GB
2023-11-07 22:13:00,29.1 GB
2023-11-07 22:13:30,29.2 GB
2023-11-07 22:14:00,29.6 GB
2023-11-07 22:14:30,29.6 GB
2023-11-07 22:15:00,29.4 GB
2023-11-07 22:15:30,29.8 GB
2023-11-07 22:16:00,29.7 GB
2023-11-07 22:16:30,29.7 GB
2023-11-07 22:17:00,30.0 GB
2023-11-07 22:17:30,30.2 GB
2023-11-07 22:18:00,30.1 GB
2023-11-07 22:18:30,30.4 GB
2023-11-07 22:19:00,30.2 GB
2023-11-07 22:19:30,30.2 GB
2023-11-07 22:20:00,30.3 GB
2023-11-07 22:20:30,30.5 GB
2023-11-07 22:21:00,30.4 GB
2023-11-07 22:21:30,30.8 GB
2023-11-07 22:22:00,30.8 GB
2023-11-07 22:22:30,30.7 GB
2023-11-07 22:23:00,31.1 GB
2023-11-07 22:23:30,31.3 GB
2023-11-07 22:24:00,31.1 GB
2023-11-07 22:24:30,31.5 GB
2023-11-07 22:25:00,31.3 GB
2023-11-07 22:25:30,31.6 GB
2023-11-07 22:26:00,31.4 GB
2023-11-07 22:26:30,31.8 GB
2023-11-07 22:27:00,31.4 GB
2023-11-07 22:27:30,31.7 GB
2023-11-07 22:28:00,31.8 GB
2023-11-07 22:28:30,32.2 GB
2023-11-07 22:29:00,31.9 GB
2023-11-07 22:29:30,32.1 GB
2023-11-07 22:30:00,32.1 GB
2023-11-07 22:30:30,32.4 GB
2023-11-07 22:31:00,32.4 GB
2023-11-07 22:31:30,32.2 GB
2023-11-07 22:32:00,32.6 GB
2023-11-07 22:32:30,32.7 GB
2023-11-07 22:33:00,32.4 GB
2023-11-07 22:33:30,32.5 GB
2023-11-07 22:34:00,32.9 GB
2023-11-07 22:34:30,32.7 GB
2023-11-07 22:35:00,32.8 GB
2023-11-07 22:35:30,33.1 GB
2023-11-07 22:36:00,32.8 GB
2023-11-07 22:36:30,33.1 GB
2023-11-07 22:37:00,33.0 GB
2023-11-07 22:37:30,33.0 GB
2023-11-07 22:38:00,33.1 GB
2023-11-07 22:38:30,33.5 GB
2023-11-07 22:39:00,33.3 GB
2023-11-07 22:39:30,33.7 GB
2023-11-07 22:40:00,33.5 GB
2023-11-07 22:40:30,33.9 GB
2023-11-07 22:41:00,33.7 GB
2023-11-07 22:41:30,34.1 GB
2023-11-07 22:42:00,33.7 GB
2023-11-07 22:42:30,33.8 GB
2023-11-07 22:43:00,34.2 GB
2023-11-07 22:43:30,34.3 GB
2023-11-07 22:44:00,34.4 GB
2023-11-07 22:44:30,34.7 GB
2023-11-07 22:45:00,34.9 GB
2023-11-07 22:45:30,35.1 GB
2023-11-07 22:46:00,35.3 GB
2023-11-07 22:46:30,35.5 GB
2023-11-07 22:47:00,35.6 GB
2023-11-07 22:47:30,35.8 GB
2023-11-07 22:48:00,36.0 GB
2023-11-07 22:48:30,36.1 GB
2023-11-07 22:49:00,36.3 GB
2023-11-07 22:49:30,36.4 GB
2023-11-07 22:50:00,36.6 GB
2023-11-07 22:50:30,36.7 GB
2023-11-07 22:51:00,36.9 GB
2023-11-07 22:51:30,36.9 GB
2023-11-07 22:52:00,37.1 GB
2023-11-07 22:52:30,37.2 GB
2023-11-07 22:53:00,37.4 GB
2023-11-07 22:53:30,37.4 GB
2023-11-07 22:54:00,37.5 GB
2023-11-07 22:54:30,37.8 GB
2023-11-07 22:55:00,37.9 GB
2023-11-07 22:55:30,38.0 GB
2023-11-07 22:56:00,38.3 GB
2023-11-07 22:56:30,38.2 GB
2023-11-07 22:57:00,38.2 GB
2023-11-07 22:57:30,38.3 GB
2023-11-07 22:58:00,38.4 GB
2023-11-07 22:58:30,38.5 GB
2023-11-07 22:59:00,38.6 GB
2023-11-07 22:59:30,39.0 GB
2023-11-07 23:00:00,38.9 GB
2023-11-07 23:00:30,39.0 GB
2023-11-07 23:01:00,39.1 GB
2023-11-07 23:01:30,39.2 GB
2023-11-07 23:02:00,39.1 GB
2023-11-07 23:02:30,39.4 GB
2023-11-07 23:03:00,39.3 GB
2023-11-07 23:03:30,39.6 GB
2023-11-07 23:04:00,39.7 GB
2023-11-07 23:04:30,39.5 GB
2023-11-07 23:05:00,40.0 GB
2023-11-07 23:05:30,39.9 GB
2023-11-07 23:06:00,40.0 GB
2023-11-07 23:06:30,39.9 GB
2023-11-07 23:07:00,40.2 GB
2023-11-07 23:07:30,40.5 GB
2023-11-07 23:08:00,40.8 GB
2023-11-07 23:08:30,41.1 GB
2023-11-07 23:09:00,41.4 GB
2023-11-07 23:09:30,41.6 GB
2023-11-07 23:10:00,41.9 GB
2023-11-07 23:10:30,42.2 GB
2023-11-07 23:11:00,42.4 GB
2023-11-07 23:11:30,42.7 GB
2023-11-07 23:12:00,42.9 GB
2023-11-07 23:12:30,43.1 GB
2023-11-07 23:13:00,43.3 GB
2023-11-07 23:13:30,43.6 GB
2023-11-07 23:14:00,43.8 GB
2023-11-07 23:14:30,44.0 GB
2023-11-07 23:15:00,44.2 GB
2023-11-07 23:15:30,44.4 GB
2023-11-07 23:16:00,44.6 GB
2023-11-07 23:16:30,44.8 GB
2023-11-07 23:17:00,45.0 GB
2023-11-07 23:17:30,45.3 GB
2023-11-07 23:18:00,45.6 GB
2023-11-07 23:18:30,46.0 GB
2023-11-07 23:19:00,46.2 GB
2023-11-07 23:19:30,46.5 GB
2023-11-07 23:20:00,46.8 GB
2023-11-07 23:20:30,47.1 GB
2023-11-07 23:21:00,47.3 GB
2023-11-07 23:21:30,47.6 GB
2023-11-07 23:22:00,47.9 GB
2023-11-07 23:22:30,48.5 GB
2023-11-07 23:23:00,49.9 GB
2023-11-07 23:23:30,51.3 GB
2023-11-07 23:24:00,52.7 GB
2023-11-07 23:24:30,54.0 GB
2023-11-07 23:25:00,55.1 GB
2023-11-07 23:25:30,56.0 GB
2023-11-07 23:26:00,57.2 GB
2023-11-07 23:26:30,58.4 GB
2023-11-07 23:27:00,59.3 GB
2023-11-07 23:27:30,60.4 GB
2023-11-07 23:28:00,61.5 GB
2023-11-07 23:28:30,62.5 GB
2023-11-07 23:29:00,63.5 GB
2023-11-07 23:29:30,64.6 GB
2023-11-07 23:30:00,65.7 GB
2023-11-07 23:30:30,67.4 GB
2023-11-07 23:31:00,67.6 GB
2023-11-07 23:31:30,68.3 GB
2023-11-07 23:32:00,69.0 GB
2023-11-07 23:32:30,69.7 GB
2023-11-07 23:33:00,70.3 GB
2023-11-07 23:33:30,71.3 GB
2023-11-07 23:34:00,70.8 GB
2023-11-07 23:34:30,70.8 GB
2023-11-07 23:35:00,70.8 GB