"Time","AIRBYTE"
2023-11-07 11:55:00,20.3 GB
2023-11-07 11:55:30,20.3 GB
2023-11-07 11:56:00,20.3 GB
2023-11-07 11:56:30,20.3 GB
2023-11-07 11:57:00,20.3 GB
2023-11-07 11:57:30,20.3 GB
2023-11-07 11:58:00,20.3 GB
2023-11-07 11:58:30,20.3 GB
2023-11-07 11:59:00,20.3 GB
2023-11-07 11:59:30,20.3 GB
2023-11-07 12:00:00,20.4 GB
2023-11-07 12:00:30,20.4 GB
2023-11-07 12:01:00,20.3 GB
2023-11-07 12:01:30,20.4 GB
2023-11-07 12:02:00,20.4 GB
2023-11-07 12:02:30,20.4 GB
2023-11-07 12:03:00,20.4 GB
2023-11-07 12:03:30,20.4 GB
2023-11-07 12:04:00,20.4 GB
2023-11-07 12:04:30,20.4 GB
2023-11-07 12:05:00,20.4 GB
2023-11-07 12:05:30,20.4 GB
2023-11-07 12:06:00,20.4 GB
2023-11-07 12:06:30,20.4 GB
2023-11-07 12:07:00,20.5 GB
2023-11-07 12:07:30,20.5 GB
2023-11-07 12:08:00,20.5 GB
2023-11-07 12:08:30,20.5 GB
2023-11-07 12:09:00,20.5 GB
2023-11-07 12:09:30,20.5 GB
2023-11-07 12:10:00,20.5 GB
2023-11-07 12:10:30,20.3 GB
2023-11-07 12:11:00,20.3 GB
2023-11-07 12:11:30,20.3 GB
2023-11-07 12:12:00,20.3 GB
2023-11-07 12:12:30,20.3 GB
2023-11-07 12:13:00,20.3 GB
2023-11-07 12:13:30,20.3 GB
2023-11-07 12:14:00,20.3 GB
2023-11-07 12:14:30,20.4 GB
2023-11-07 12:15:00,20.3 GB
2023-11-07 12:15:30,20.4 GB
2023-11-07 12:16:00,20.4 GB
2023-11-07 12:16:30,20.4 GB
2023-11-07 12:17:00,20.4 GB
2023-11-07 12:17:30,20.4 GB
2023-11-07 12:18:00,20.4 GB
2023-11-07 12:18:30,20.4 GB
2023-11-07 12:19:00,20.4 GB
2023-11-07 12:19:30,20.4 GB
2023-11-07 12:20:00,20.4 GB
2023-11-07 12:20:30,20.4 GB
2023-11-07 12:21:00,20.4 GB
2023-11-07 12:21:30,20.4 GB
2023-11-07 12:22:00,20.4 GB
2023-11-07 12:22:30,20.4 GB
2023-11-07 12:23:00,20.4 GB
2023-11-07 12:23:30,20.4 GB
2023-11-07 12:24:00,20.4 GB
2023-11-07 12:24:30,20.4 GB
2023-11-07 12:25:00,20.4 GB
2023-11-07 12:25:30,20.4 GB
2023-11-07 12:26:00,20.4 GB
2023-11-07 12:26:30,20.4 GB
2023-11-07 12:27:00,20.4 GB
2023-11-07 12:27:30,20.4 GB
2023-11-07 12:28:00,20.4 GB
2023-11-07 12:28:30,20.4 GB
2023-11-07 12:29:00,20.4 GB
2023-11-07 12:29:30,20.4 GB
2023-11-07 12:30:00,20.4 GB
2023-11-07 12:30:30,20.4 GB
2023-11-07 12:31:00,20.4 GB
2023-11-07 12:31:30,20.4 GB
2023-11-07 12:32:00,20.4 GB
2023-11-07 12:32:30,20.4 GB
2023-11-07 12:33:00,20.4 GB
2023-11-07 12:33:30,20.4 GB
2023-11-07 12:34:00,20.4 GB
2023-11-07 12:34:30,20.4 GB
2023-11-07 12:35:00,20.4 GB
2023-11-07 12:35:30,20.4 GB
2023-11-07 12:36:00,20.4 GB
2023-11-07 12:36:30,20.4 GB
2023-11-07 12:37:00,20.4 GB
2023-11-07 12:37:30,20.4 GB
2023-11-07 12:38:00,20.4 GB
2023-11-07 12:38:30,20.4 GB
2023-11-07 12:39:00,20.4 GB
2023-11-07 12:39:30,20.4 GB
2023-11-07 12:40:00,20.4 GB
2023-11-07 12:40:30,20.4 GB
2023-11-07 12:41:00,20.4 GB
2023-11-07 12:41:30,20.4 GB
2023-11-07 12:42:00,20.4 GB
2023-11-07 12:42:30,20.5 GB
2023-11-07 12:43:00,20.4 GB
2023-11-07 12:43:30,20.5 GB
2023-11-07 12:44:00,20.5 GB
2023-11-07 12:44:30,20.5 GB
2023-11-07 12:45:00,20.5 GB
2023-11-07 12:45:30,20.5 GB
2023-11-07 12:46:00,20.5 GB
2023-11-07 12:46:30,20.5 GB
2023-11-07 12:47:00,20.5 GB
2023-11-07 12:47:30,20.6 GB
2023-11-07 12:48:00,20.6 GB
2023-11-07 12:48:30,20.6 GB
2023-11-07 12:49:00,20.6 GB
2023-11-07 12:49:30,20.6 GB
2023-11-07 12:50:00,20.6 GB
2023-11-07 12:50:30,20.6 GB
2023-11-07 12:51:00,20.6 GB
2023-11-07 12:51:30,20.6 GB
2023-11-07 12:52:00,20.6 GB
2023-11-07 12:52:30,20.6 GB
2023-11-07 12:53:00,20.6 GB
2023-11-07 12:53:30,20.6 GB
2023-11-07 12:54:00,20.6 GB
2023-11-07 12:54:30,20.6 GB
2023-11-07 12:55:00,20.4 GB
2023-11-07 12:55:30,20.4 GB
2023-11-07 12:56:00,20.4 GB
2023-11-07 12:56:30,20.4 GB
2023-11-07 12:57:00,20.4 GB
2023-11-07 12:57:30,20.4 GB
2023-11-07 12:58:00,20.4 GB
2023-11-07 12:58:30,20.4 GB
2023-11-07 12:59:00,20.4 GB
2023-11-07 12:59:30,20.4 GB
2023-11-07 13:00:00,20.4 GB
2023-11-07 13:00:30,20.4 GB
2023-11-07 13:01:00,20.4 GB
2023-11-07 13:01:30,20.4 GB
2023-11-07 13:02:00,20.4 GB
2023-11-07 13:02:30,20.4 GB
2023-11-07 13:03:00,20.4 GB
2023-11-07 13:03:30,20.4 GB
2023-11-07 13:04:00,20.5 GB
2023-11-07 13:04:30,20.5 GB
2023-11-07 13:05:00,20.5 GB
2023-11-07 13:05:30,20.5 GB
2023-11-07 13:06:00,20.6 GB
2023-11-07 13:06:30,20.5 GB
2023-11-07 13:07:00,20.6 GB
2023-11-07 13:07:30,20.5 GB
2023-11-07 13:08:00,20.6 GB
2023-11-07 13:08:30,20.5 GB
2023-11-07 13:09:00,20.5 GB
2023-11-07 13:09:30,20.5 GB
2023-11-07 13:10:00,20.6 GB
2023-11-07 13:10:30,20.5 GB
2023-11-07 13:11:00,20.6 GB
2023-11-07 13:11:30,20.5 GB
2023-11-07 13:12:00,20.5 GB
2023-11-07 13:12:30,20.5 GB
2023-11-07 13:13:00,20.5 GB
2023-11-07 13:13:30,20.5 GB
2023-11-07 13:14:00,20.5 GB
2023-11-07 13:14:30,20.6 GB
2023-11-07 13:15:00,20.6 GB
2023-11-07 13:15:30,20.5 GB
2023-11-07 13:16:00,20.5 GB
2023-11-07 13:16:30,20.5 GB
2023-11-07 13:17:00,20.6 GB
2023-11-07 13:17:30,20.5 GB
2023-11-07 13:18:00,20.6 GB
2023-11-07 13:18:30,20.6 GB
2023-11-07 13:19:00,20.6 GB
2023-11-07 13:19:30,20.6 GB
2023-11-07 13:20:00,20.6 GB
2023-11-07 13:20:30,20.6 GB
2023-11-07 13:21:00,20.6 GB
2023-11-07 13:21:30,20.6 GB
2023-11-07 13:22:00,20.6 GB
2023-11-07 13:22:30,20.6 GB
2023-11-07 13:23:00,20.6 GB
2023-11-07 13:23:30,20.6 GB
2023-11-07 13:24:00,20.6 GB
2023-11-07 13:24:30,20.6 GB
2023-11-07 13:25:00,20.4 GB
2023-11-07 13:25:30,20.4 GB
2023-11-07 13:26:00,20.4 GB
2023-11-07 13:26:30,20.4 GB
2023-11-07 13:27:00,20.4 GB
2023-11-07 13:27:30,20.4 GB
2023-11-07 13:28:00,20.4 GB
2023-11-07 13:28:30,20.4 GB
2023-11-07 13:29:00,20.4 GB
2023-11-07 13:29:30,20.4 GB
2023-11-07 13:30:00,20.4 GB
2023-11-07 13:30:30,20.4 GB
2023-11-07 13:31:00,20.4 GB
2023-11-07 13:31:30,20.4 GB
2023-11-07 13:32:00,20.4 GB
2023-11-07 13:32:30,20.4 GB
2023-11-07 13:33:00,20.4 GB
2023-11-07 13:33:30,20.4 GB
2023-11-07 13:34:00,20.4 GB
2023-11-07 13:34:30,20.4 GB
2023-11-07 13:35:00,20.4 GB
2023-11-07 13:35:30,20.5 GB
2023-11-07 13:36:00,20.4 GB
2023-11-07 13:36:30,20.4 GB
2023-11-07 13:37:00,20.5 GB
2023-11-07 13:37:30,20.5 GB
2023-11-07 13:38:00,20.5 GB
2023-11-07 13:38:30,20.5 GB
2023-11-07 13:39:00,20.5 GB
2023-11-07 13:39:30,20.5 GB
2023-11-07 13:40:00,20.5 GB
2023-11-07 13:40:30,20.5 GB
2023-11-07 13:41:00,20.5 GB
2023-11-07 13:41:30,20.5 GB
2023-11-07 13:42:00,20.5 GB
2023-11-07 13:42:30,20.5 GB
2023-11-07 13:43:00,20.5 GB
2023-11-07 13:43:30,20.5 GB
2023-11-07 13:44:00,20.5 GB
2023-11-07 13:44:30,20.5 GB
2023-11-07 13:45:00,20.5 GB
2023-11-07 13:45:30,20.5 GB
2023-11-07 13:46:00,20.5 GB
2023-11-07 13:46:30,20.5 GB
2023-11-07 13:47:00,20.5 GB
2023-11-07 13:47:30,20.5 GB
2023-11-07 13:48:00,20.5 GB
2023-11-07 13:48:30,20.5 GB
2023-11-07 13:49:00,20.5 GB
2023-11-07 13:49:30,20.5 GB
2023-11-07 13:50:00,20.5 GB
2023-11-07 13:50:30,20.5 GB
2023-11-07 13:51:00,20.5 GB
2023-11-07 13:51:30,20.5 GB
2023-11-07 13:52:00,20.5 GB
2023-11-07 13:52:30,20.5 GB
2023-11-07 13:53:00,20.5 GB
2023-11-07 13:53:30,20.6 GB
2023-11-07 13:54:00,20.6 GB
2023-11-07 13:54:30,20.6 GB
2023-11-07 13:55:00,20.6 GB
2023-11-07 13:55:30,20.6 GB
2023-11-07 13:56:00,20.6 GB
2023-11-07 13:56:30,20.6 GB
2023-11-07 13:57:00,20.6 GB
2023-11-07 13:57:30,20.6 GB
2023-11-07 13:58:00,20.6 GB
2023-11-07 13:58:30,20.6 GB
2023-11-07 13:59:00,20.6 GB
2023-11-07 13:59:30,20.6 GB
2023-11-07 14:00:00,20.6 GB
2023-11-07 14:00:30,20.6 GB
2023-11-07 14:01:00,20.6 GB
2023-11-07 14:01:30,20.6 GB
2023-11-07 14:02:00,20.4 GB
2023-11-07 14:02:30,20.4 GB
2023-11-07 14:03:00,20.4 GB
2023-11-07 14:03:30,20.4 GB
2023-11-07 14:04:00,20.4 GB
2023-11-07 14:04:30,20.4 GB
2023-11-07 14:05:00,20.4 GB
2023-11-07 14:05:30,20.4 GB
2023-11-07 14:06:00,20.4 GB
2023-11-07 14:06:30,20.4 GB
2023-11-07 14:07:00,20.4 GB
2023-11-07 14:07:30,20.4 GB
2023-11-07 14:08:00,20.4 GB
2023-11-07 14:08:30,20.4 GB
2023-11-07 14:09:00,20.4 GB
2023-11-07 14:09:30,20.5 GB
2023-11-07 14:10:00,20.5 GB
2023-11-07 14:10:30,20.5 GB
2023-11-07 14:11:00,20.6 GB
2023-11-07 14:11:30,20.5 GB
2023-11-07 14:12:00,20.5 GB
2023-11-07 14:12:30,20.5 GB
2023-11-07 14:13:00,20.5 GB
2023-11-07 14:13:30,20.5 GB
2023-11-07 14:14:00,20.5 GB
2023-11-07 14:14:30,20.5 GB
2023-11-07 14:15:00,20.5 GB
2023-11-07 14:15:30,20.6 GB
2023-11-07 14:16:00,20.5 GB
2023-11-07 14:16:30,20.5 GB
2023-11-07 14:17:00,20.5 GB
2023-11-07 14:17:30,20.5 GB
2023-11-07 14:18:00,20.5 GB
2023-11-07 14:18:30,20.5 GB
2023-11-07 14:19:00,20.6 GB
2023-11-07 14:19:30,20.5 GB
2023-11-07 14:20:00,20.5 GB
2023-11-07 14:20:30,20.5 GB
2023-11-07 14:21:00,20.6 GB
2023-11-07 14:21:30,20.5 GB
2023-11-07 14:22:00,20.5 GB
2023-11-07 14:22:30,20.5 GB
2023-11-07 14:23:00,20.5 GB
2023-11-07 14:23:30,20.5 GB
2023-11-07 14:24:00,20.5 GB
2023-11-07 14:24:30,20.5 GB
2023-11-07 14:25:00,20.5 GB
2023-11-07 14:25:30,20.5 GB
2023-11-07 14:26:00,20.5 GB
2023-11-07 14:26:30,20.6 GB
2023-11-07 14:27:00,20.5 GB
2023-11-07 14:27:30,20.5 GB
2023-11-07 14:28:00,20.5 GB
2023-11-07 14:28:30,20.6 GB
2023-11-07 14:29:00,20.5 GB
2023-11-07 14:29:30,20.5 GB
2023-11-07 14:30:00,20.6 GB
2023-11-07 14:30:30,20.5 GB
2023-11-07 14:31:00,20.5 GB
2023-11-07 14:31:30,20.5 GB
2023-11-07 14:32:00,20.5 GB
2023-11-07 14:32:30,20.6 GB
2023-11-07 14:33:00,20.5 GB
2023-11-07 14:33:30,20.6 GB
2023-11-07 14:34:00,20.5 GB
2023-11-07 14:34:30,20.5 GB
2023-11-07 14:35:00,20.5 GB
2023-11-07 14:35:30,20.5 GB
2023-11-07 14:36:00,20.5 GB
2023-11-07 14:36:30,20.5 GB
2023-11-07 14:37:00,20.6 GB
2023-11-07 14:37:30,20.5 GB
2023-11-07 14:38:00,20.5 GB
2023-11-07 14:38:30,20.5 GB
2023-11-07 14:39:00,20.6 GB
2023-11-07 14:39:30,20.5 GB
2023-11-07 14:40:00,20.5 GB
2023-11-07 14:40:30,20.5 GB
2023-11-07 14:41:00,20.5 GB
2023-11-07 14:41:30,20.5 GB
2023-11-07 14:42:00,20.5 GB
2023-11-07 14:42:30,20.6 GB
2023-11-07 14:43:00,20.6 GB
2023-11-07 14:43:30,20.5 GB
2023-11-07 14:44:00,20.6 GB
2023-11-07 14:44:30,20.5 GB
2023-11-07 14:45:00,20.6 GB
2023-11-07 14:45:30,20.5 GB
2023-11-07 14:46:00,20.5 GB
2023-11-07 14:46:30,20.6 GB
2023-11-07 14:47:00,20.5 GB
2023-11-07 14:47:30,20.6 GB
2023-11-07 14:48:00,20.5 GB
2023-11-07 14:48:30,20.6 GB
2023-11-07 14:49:00,20.5 GB
2023-11-07 14:49:30,20.5 GB
2023-11-07 14:50:00,20.5 GB
2023-11-07 14:50:30,20.5 GB
2023-11-07 14:51:00,20.5 GB
2023-11-07 14:51:30,20.5 GB
2023-11-07 14:52:00,20.5 GB
2023-11-07 14:52:30,20.5 GB
2023-11-07 14:53:00,20.5 GB
2023-11-07 14:53:30,20.5 GB
2023-11-07 14:54:00,20.5 GB
2023-11-07 14:54:30,20.5 GB
2023-11-07 14:55:00,20.5 GB
2023-11-07 14:55:30,20.5 GB
2023-11-07 14:56:00,20.5 GB
2023-11-07 14:56:30,20.5 GB
2023-11-07 14:57:00,20.5 GB
2023-11-07 14:57:30,20.5 GB
2023-11-07 14:58:00,20.5 GB
2023-11-07 14:58:30,20.5 GB
2023-11-07 14:59:00,20.5 GB
2023-11-07 14:59:30,20.5 GB
2023-11-07 15:00:00,20.5 GB
2023-11-07 15:00:30,20.5 GB
2023-11-07 15:01:00,20.5 GB
2023-11-07 15:01:30,20.5 GB
2023-11-07 15:02:00,20.5 GB
2023-11-07 15:02:30,20.5 GB
2023-11-07 15:03:00,20.5 GB
2023-11-07 15:03:30,20.5 GB
2023-11-07 15:04:00,20.5 GB
2023-11-07 15:04:30,20.5 GB
2023-11-07 15:05:00,20.5 GB
2023-11-07 15:05:30,20.5 GB
2023-11-07 15:06:00,20.5 GB
2023-11-07 15:06:30,20.5 GB
2023-11-07 15:07:00,20.5 GB
2023-11-07 15:07:30,20.5 GB
2023-11-07 15:08:00,20.5 GB
2023-11-07 15:08:30,20.5 GB
2023-11-07 15:09:00,20.5 GB
2023-11-07 15:09:30,20.5 GB
2023-11-07 15:10:00,20.5 GB
2023-11-07 15:10:30,20.6 GB
2023-11-07 15:11:00,20.5 GB
2023-11-07 15:11:30,20.6 GB
2023-11-07 15:12:00,20.6 GB
2023-11-07 15:12:30,20.6 GB
2023-11-07 15:13:00,20.6 GB
2023-11-07 15:13:30,20.6 GB
2023-11-07 15:14:00,20.5 GB
2023-11-07 15:14:30,20.5 GB
2023-11-07 15:15:00,20.5 GB
2023-11-07 15:15:30,20.6 GB
2023-11-07 15:16:00,20.5 GB
2023-11-07 15:16:30,20.6 GB
2023-11-07 15:17:00,20.5 GB
2023-11-07 15:17:30,20.6 GB
2023-11-07 15:18:00,20.5 GB
2023-11-07 15:18:30,20.6 GB
2023-11-07 15:19:00,20.6 GB
2023-11-07 15:19:30,20.6 GB
2023-11-07 15:20:00,20.5 GB
2023-11-07 15:20:30,20.6 GB
2023-11-07 15:21:00,20.6 GB
2023-11-07 15:21:30,20.5 GB
2023-11-07 15:22:00,20.5 GB
2023-11-07 15:22:30,20.5 GB
2023-11-07 15:23:00,20.5 GB
2023-11-07 15:23:30,20.5 GB
2023-11-07 15:24:00,20.5 GB
2023-11-07 15:24:30,20.5 GB
2023-11-07 15:25:00,20.6 GB
2023-11-07 15:25:30,20.6 GB
2023-11-07 15:26:00,20.6 GB
2023-11-07 15:26:30,20.6 GB
2023-11-07 15:27:00,20.6 GB
2023-11-07 15:27:30,20.6 GB
2023-11-07 15:28:00,20.6 GB
2023-11-07 15:28:30,20.6 GB
2023-11-07 15:29:00,20.6 GB
2023-11-07 15:29:30,20.6 GB
2023-11-07 15:30:00,20.6 GB
2023-11-07 15:30:30,20.6 GB
2023-11-07 15:31:00,20.6 GB
2023-11-07 15:31:30,20.6 GB
2023-11-07 15:32:00,20.6 GB
2023-11-07 15:32:30,20.6 GB
2023-11-07 15:33:00,20.6 GB
2023-11-07 15:33:30,20.6 GB
2023-11-07 15:34:00,20.6 GB
2023-11-07 15:34:30,20.6 GB
2023-11-07 15:35:00,20.6 GB
2023-11-07 15:35:30,20.6 GB
2023-11-07 15:36:00,20.6 GB
2023-11-07 15:36:30,20.6 GB
2023-11-07 15:37:00,20.6 GB
2023-11-07 15:37:30,20.6 GB
2023-11-07 15:38:00,20.6 GB
2023-11-07 15:38:30,20.5 GB
2023-11-07 15:39:00,20.6 GB
2023-11-07 15:39:30,20.6 GB
2023-11-07 15:40:00,20.6 GB
2023-11-07 15:40:30,20.6 GB
2023-11-07 15:41:00,20.6 GB
2023-11-07 15:41:30,20.6 GB
2023-11-07 15:42:00,20.6 GB
2023-11-07 15:42:30,20.6 GB
2023-11-07 15:43:00,20.6 GB
2023-11-07 15:43:30,20.6 GB
2023-11-07 15:44:00,20.6 GB
2023-11-07 15:44:30,20.6 GB
2023-11-07 15:45:00,20.6 GB
2023-11-07 15:45:30,20.6 GB
2023-11-07 15:46:00,20.6 GB
2023-11-07 15:46:30,20.6 GB
2023-11-07 15:47:00,20.6 GB
2023-11-07 15:47:30,20.6 GB
2023-11-07 15:48:00,20.6 GB
2023-11-07 15:48:30,20.5 GB
2023-11-07 15:49:00,20.5 GB
2023-11-07 15:49:30,20.5 GB
2023-11-07 15:50:00,20.5 GB
2023-11-07 15:50:30,20.5 GB
2023-11-07 15:51:00,20.5 GB
2023-11-07 15:51:30,20.5 GB
2023-11-07 15:52:00,20.5 GB
2023-11-07 15:52:30,20.5 GB
2023-11-07 15:53:00,20.5 GB
2023-11-07 15:53:30,20.5 GB
2023-11-07 15:54:00,20.5 GB
2023-11-07 15:54:30,20.5 GB
2023-11-07 15:55:00,20.5 GB
2023-11-07 15:55:30,20.5 GB
2023-11-07 15:56:00,20.5 GB
2023-11-07 15:56:30,20.5 GB
2023-11-07 15:57:00,20.5 GB
2023-11-07 15:57:30,20.5 GB
2023-11-07 15:58:00,20.5 GB
2023-11-07 15:58:30,20.5 GB
2023-11-07 15:59:00,20.5 GB
2023-11-07 15:59:30,20.5 GB
2023-11-07 16:00:00,20.5 GB
2023-11-07 16:00:30,20.5 GB
2023-11-07 16:01:00,20.5 GB
2023-11-07 16:01:30,20.6 GB
2023-11-07 16:02:00,20.6 GB
2023-11-07 16:02:30,20.6 GB
2023-11-07 16:03:00,20.6 GB
2023-11-07 16:03:30,20.6 GB
2023-11-07 16:04:00,20.6 GB
2023-11-07 16:04:30,20.6 GB
2023-11-07 16:05:00,20.6 GB
2023-11-07 16:05:30,20.6 GB
2023-11-07 16:06:00,20.5 GB
2023-11-07 16:06:30,20.6 GB
2023-11-07 16:07:00,20.6 GB
2023-11-07 16:07:30,20.6 GB
2023-11-07 16:08:00,20.6 GB
2023-11-07 16:08:30,20.6 GB
2023-11-07 16:09:00,20.6 GB
2023-11-07 16:09:30,20.6 GB
2023-11-07 16:10:00,20.6 GB
2023-11-07 16:10:30,20.6 GB
2023-11-07 16:11:00,20.6 GB
2023-11-07 16:11:30,20.6 GB
2023-11-07 16:12:00,20.6 GB
2023-11-07 16:12:30,20.6 GB
2023-11-07 16:13:00,20.6 GB
2023-11-07 16:13:30,20.6 GB
2023-11-07 16:14:00,20.7 GB
2023-11-07 16:14:30,20.6 GB
2023-11-07 16:15:00,20.7 GB
2023-11-07 16:15:30,20.7 GB
2023-11-07 16:16:00,20.7 GB
2023-11-07 16:16:30,20.7 GB
2023-11-07 16:17:00,20.7 GB
2023-11-07 16:17:30,20.7 GB
2023-11-07 16:18:00,20.7 GB
2023-11-07 16:18:30,20.7 GB
2023-11-07 16:19:00,20.7 GB
2023-11-07 16:19:30,20.7 GB
2023-11-07 16:20:00,20.7 GB
2023-11-07 16:20:30,20.7 GB
2023-11-07 16:21:00,20.7 GB
2023-11-07 16:21:30,20.7 GB
2023-11-07 16:22:00,20.7 GB
2023-11-07 16:22:30,20.7 GB
2023-11-07 16:23:00,20.7 GB
2023-11-07 16:23:30,20.7 GB
2023-11-07 16:24:00,20.7 GB
2023-11-07 16:24:30,20.7 GB
2023-11-07 16:25:00,20.7 GB
2023-11-07 16:25:30,20.7 GB
2023-11-07 16:26:00,20.7 GB
2023-11-07 16:26:30,20.7 GB
2023-11-07 16:27:00,20.7 GB
2023-11-07 16:27:30,20.7 GB
2023-11-07 16:28:00,20.7 GB
2023-11-07 16:28:30,20.7 GB
2023-11-07 16:29:00,20.7 GB
2023-11-07 16:29:30,20.7 GB
2023-11-07 16:30:00,20.7 GB
2023-11-07 16:30:30,20.7 GB
2023-11-07 16:31:00,20.7 GB
2023-11-07 16:31:30,20.7 GB
2023-11-07 16:32:00,20.7 GB
2023-11-07 16:32:30,20.7 GB
2023-11-07 16:33:00,20.7 GB
2023-11-07 16:33:30,20.7 GB
2023-11-07 16:34:00,20.7 GB
2023-11-07 16:34:30,20.7 GB
2023-11-07 16:35:00,20.7 GB
2023-11-07 16:35:30,20.7 GB
2023-11-07 16:36:00,20.7 GB
2023-11-07 16:36:30,20.7 GB
2023-11-07 16:37:00,20.7 GB
2023-11-07 16:37:30,20.7 GB
2023-11-07 16:38:00,20.7 GB
2023-11-07 16:38:30,20.7 GB
2023-11-07 16:39:00,20.7 GB
2023-11-07 16:39:30,20.7 GB
2023-11-07 16:40:00,20.7 GB
2023-11-07 16:40:30,20.7 GB
2023-11-07 16:41:00,20.7 GB
2023-11-07 16:41:30,20.7 GB
2023-11-07 16:42:00,20.7 GB
2023-11-07 16:42:30,20.7 GB
2023-11-07 16:43:00,20.7 GB
2023-11-07 16:43:30,20.7 GB
2023-11-07 16:44:00,20.7 GB
2023-11-07 16:44:30,20.7 GB
2023-11-07 16:45:00,20.7 GB
2023-11-07 16:45:30,20.7 GB
2023-11-07 16:46:00,20.7 GB
2023-11-07 16:46:30,20.7 GB
2023-11-07 16:47:00,20.7 GB
2023-11-07 16:47:30,20.7 GB
2023-11-07 16:48:00,20.7 GB
2023-11-07 16:48:30,20.7 GB
2023-11-07 16:49:00,20.8 GB
2023-11-07 16:49:30,20.8 GB
2023-11-07 16:50:00,20.8 GB
2023-11-07 16:50:30,20.8 GB
2023-11-07 16:51:00,20.8 GB
2023-11-07 16:51:30,20.8 GB
2023-11-07 16:52:00,20.8 GB
2023-11-07 16:52:30,20.8 GB
2023-11-07 16:53:00,20.8 GB
2023-11-07 16:53:30,20.8 GB
2023-11-07 16:54:00,20.8 GB
2023-11-07 16:54:30,20.8 GB
2023-11-07 16:55:00,20.8 GB
2023-11-07 16:55:30,20.8 GB
2023-11-07 16:56:00,20.8 GB
2023-11-07 16:56:30,20.8 GB
2023-11-07 16:57:00,20.8 GB
2023-11-07 16:57:30,20.8 GB
2023-11-07 16:58:00,20.8 GB
2023-11-07 16:58:30,20.8 GB
2023-11-07 16:59:00,20.8 GB
2023-11-07 16:59:30,20.8 GB
2023-11-07 17:00:00,20.8 GB
2023-11-07 17:00:30,20.8 GB
2023-11-07 17:01:00,20.8 GB
2023-11-07 17:01:30,20.8 GB
2023-11-07 17:02:00,20.8 GB
2023-11-07 17:02:30,20.8 GB
2023-11-07 17:03:00,20.8 GB
2023-11-07 17:03:30,20.5 GB
2023-11-07 17:04:00,20.5 GB
2023-11-07 17:04:30,20.5 GB
2023-11-07 17:05:00,20.5 GB
2023-11-07 17:05:30,20.5 GB
2023-11-07 17:06:00,20.5 GB
2023-11-07 17:06:30,20.5 GB
2023-11-07 17:07:00,20.5 GB
2023-11-07 17:07:30,20.5 GB
2023-11-07 17:08:00,20.5 GB
2023-11-07 17:08:30,20.5 GB
2023-11-07 17:09:00,20.5 GB
2023-11-07 17:09:30,20.5 GB
2023-11-07 17:10:00,20.5 GB
2023-11-07 17:10:30,20.5 GB
2023-11-07 17:11:00,20.5 GB
2023-11-07 17:11:30,20.5 GB
2023-11-07 17:12:00,20.5 GB
2023-11-07 17:12:30,20.5 GB
2023-11-07 17:13:00,20.5 GB
2023-11-07 17:13:30,20.5 GB
2023-11-07 17:14:00,20.5 GB
2023-11-07 17:14:30,20.5 GB
2023-11-07 17:15:00,20.5 GB
2023-11-07 17:15:30,20.5 GB
2023-11-07 17:16:00,20.6 GB
2023-11-07 17:16:30,20.6 GB
2023-11-07 17:17:00,20.6 GB
2023-11-07 17:17:30,20.6 GB
2023-11-07 17:18:00,20.6 GB
2023-11-07 17:18:30,20.6 GB
2023-11-07 17:19:00,20.6 GB
2023-11-07 17:19:30,20.6 GB
2023-11-07 17:20:00,20.6 GB
2023-11-07 17:20:30,20.6 GB
2023-11-07 17:21:00,20.6 GB
2023-11-07 17:21:30,20.6 GB
2023-11-07 17:22:00,20.6 GB
2023-11-07 17:22:30,20.6 GB
2023-11-07 17:23:00,20.6 GB
2023-11-07 17:23:30,20.6 GB
2023-11-07 17:24:00,20.6 GB
2023-11-07 17:24:30,20.6 GB
2023-11-07 17:25:00,20.6 GB
2023-11-07 17:25:30,20.6 GB
2023-11-07 17:26:00,20.6 GB
2023-11-07 17:26:30,20.6 GB
2023-11-07 17:27:00,20.6 GB
2023-11-07 17:27:30,20.6 GB
2023-11-07 17:28:00,20.6 GB
2023-11-07 17:28:30,20.6 GB
2023-11-07 17:29:00,20.6 GB
2023-11-07 17:29:30,20.6 GB
2023-11-07 17:30:00,20.6 GB
2023-11-07 17:30:30,20.6 GB
2023-11-07 17:31:00,20.6 GB
2023-11-07 17:31:30,20.6 GB
2023-11-07 17:32:00,20.6 GB
2023-11-07 17:32:30,20.6 GB
2023-11-07 17:33:00,20.6 GB
2023-11-07 17:33:30,20.6 GB
2023-11-07 17:34:00,20.6 GB
2023-11-07 17:34:30,20.6 GB
2023-11-07 17:35:00,20.6 GB
2023-11-07 17:35:30,20.6 GB
2023-11-07 17:36:00,20.6 GB
2023-11-07 17:36:30,20.6 GB
2023-11-07 17:37:00,20.6 GB
2023-11-07 17:37:30,20.6 GB
2023-11-07 17:38:00,20.6 GB
2023-11-07 17:38:30,20.6 GB
2023-11-07 17:39:00,20.6 GB
2023-11-07 17:39:30,20.6 GB
2023-11-07 17:40:00,20.6 GB
2023-11-07 17:40:30,20.6 GB
2023-11-07 17:41:00,20.6 GB
2023-11-07 17:41:30,20.6 GB
2023-11-07 17:42:00,20.6 GB
2023-11-07 17:42:30,20.6 GB
2023-11-07 17:43:00,20.6 GB
2023-11-07 17:43:30,20.6 GB
2023-11-07 17:44:00,20.6 GB
2023-11-07 17:44:30,20.6 GB
2023-11-07 17:45:00,20.6 GB
2023-11-07 17:45:30,20.6 GB
2023-11-07 17:46:00,20.6 GB
2023-11-07 17:46:30,20.6 GB
2023-11-07 17:47:00,20.6 GB
2023-11-07 17:47:30,20.6 GB
2023-11-07 17:48:00,20.6 GB
2023-11-07 17:48:30,20.6 GB
2023-11-07 17:49:00,20.6 GB
2023-11-07 17:49:30,20.6 GB
2023-11-07 17:50:00,20.6 GB
2023-11-07 17:50:30,20.6 GB
2023-11-07 17:51:00,20.6 GB
2023-11-07 17:51:30,20.6 GB
2023-11-07 17:52:00,20.6 GB
2023-11-07 17:52:30,20.6 GB
2023-11-07 17:53:00,20.6 GB
2023-11-07 17:53:30,20.7 GB
2023-11-07 17:54:00,20.6 GB
2023-11-07 17:54:30,20.6 GB
2023-11-07 17:55:00,20.6 GB
2023-11-07 17:55:30,20.7 GB
2023-11-07 17:56:00,20.6 GB
2023-11-07 17:56:30,20.6 GB
2023-11-07 17:57:00,20.6 GB
2023-11-07 17:57:30,20.6 GB
2023-11-07 17:58:00,20.6 GB
2023-11-07 17:58:30,20.6 GB
2023-11-07 17:59:00,20.6 GB
2023-11-07 17:59:30,20.7 GB
2023-11-07 18:00:00,20.6 GB
2023-11-07 18:00:30,20.6 GB
2023-11-07 18:01:00,20.6 GB
2023-11-07 18:01:30,20.6 GB
2023-11-07 18:02:00,20.6 GB
2023-11-07 18:02:30,20.6 GB
2023-11-07 18:03:00,20.6 GB
2023-11-07 18:03:30,20.6 GB
2023-11-07 18:04:00,20.6 GB
2023-11-07 18:04:30,20.7 GB
2023-11-07 18:05:00,20.6 GB
2023-11-07 18:05:30,20.6 GB
2023-11-07 18:06:00,20.6 GB
2023-11-07 18:06:30,20.6 GB
2023-11-07 18:07:00,20.6 GB
2023-11-07 18:07:30,20.6 GB
2023-11-07 18:08:00,20.6 GB
2023-11-07 18:08:30,20.6 GB
2023-11-07 18:09:00,20.6 GB
2023-11-07 18:09:30,20.6 GB
2023-11-07 18:10:00,20.7 GB
2023-11-07 18:10:30,20.6 GB
2023-11-07 18:11:00,20.6 GB
2023-11-07 18:11:30,20.6 GB
2023-11-07 18:12:00,20.6 GB
2023-11-07 18:12:30,20.6 GB
2023-11-07 18:13:00,20.6 GB
2023-11-07 18:13:30,20.6 GB
2023-11-07 18:14:00,20.6 GB
2023-11-07 18:14:30,20.6 GB
2023-11-07 18:15:00,20.6 GB
2023-11-07 18:15:30,20.6 GB
2023-11-07 18:16:00,20.6 GB
2023-11-07 18:16:30,20.6 GB
2023-11-07 18:17:00,20.6 GB
2023-11-07 18:17:30,20.6 GB
2023-11-07 18:18:00,20.6 GB
2023-11-07 18:18:30,20.6 GB
2023-11-07 18:19:00,20.6 GB
2023-11-07 18:19:30,20.6 GB
2023-11-07 18:20:00,20.7 GB
2023-11-07 18:20:30,20.6 GB
2023-11-07 18:21:00,20.6 GB
2023-11-07 18:21:30,20.6 GB
2023-11-07 18:22:00,20.6 GB
2023-11-07 18:22:30,20.6 GB
2023-11-07 18:23:00,20.6 GB
2023-11-07 18:23:30,20.6 GB
2023-11-07 18:24:00,20.6 GB
2023-11-07 18:24:30,20.6 GB
2023-11-07 18:25:00,20.6 GB
2023-11-07 18:25:30,20.6 GB
2023-11-07 18:26:00,20.7 GB
2023-11-07 18:26:30,20.6 GB
2023-11-07 18:27:00,20.6 GB
2023-11-07 18:27:30,20.6 GB
2023-11-07 18:28:00,20.6 GB
2023-11-07 18:28:30,20.6 GB
2023-11-07 18:29:00,20.6 GB
2023-11-07 18:29:30,20.7 GB
2023-11-07 18:30:00,20.6 GB
2023-11-07 18:30:30,20.7 GB
2023-11-07 18:31:00,20.6 GB
2023-11-07 18:31:30,20.6 GB
2023-11-07 18:32:00,20.6 GB
2023-11-07 18:32:30,20.6 GB
2023-11-07 18:33:00,20.6 GB
2023-11-07 18:33:30,20.7 GB
2023-11-07 18:34:00,20.7 GB
2023-11-07 18:34:30,20.7 GB
2023-11-07 18:35:00,20.6 GB
2023-11-07 18:35:30,20.6 GB
2023-11-07 18:36:00,20.7 GB
2023-11-07 18:36:30,20.6 GB
2023-11-07 18:37:00,20.6 GB
2023-11-07 18:37:30,20.6 GB
2023-11-07 18:38:00,20.6 GB
2023-11-07 18:38:30,20.6 GB
2023-11-07 18:39:00,20.6 GB
2023-11-07 18:39:30,20.7 GB
2023-11-07 18:40:00,20.7 GB
2023-11-07 18:40:30,20.7 GB
2023-11-07 18:41:00,20.6 GB
2023-11-07 18:41:30,20.6 GB
2023-11-07 18:42:00,20.6 GB
2023-11-07 18:42:30,20.6 GB
2023-11-07 18:43:00,20.6 GB
2023-11-07 18:43:30,20.6 GB
2023-11-07 18:44:00,20.6 GB
2023-11-07 18:44:30,20.6 GB
2023-11-07 18:45:00,20.6 GB
2023-11-07 18:45:30,20.6 GB
2023-11-07 18:46:00,20.6 GB
2023-11-07 18:46:30,20.6 GB
2023-11-07 18:47:00,20.6 GB
2023-11-07 18:47:30,20.6 GB
2023-11-07 18:48:00,20.6 GB
2023-11-07 18:48:30,20.6 GB
2023-11-07 18:49:00,20.6 GB
2023-11-07 18:49:30,20.6 GB
2023-11-07 18:50:00,20.6 GB
2023-11-07 18:50:30,20.6 GB
2023-11-07 18:51:00,20.6 GB
2023-11-07 18:51:30,20.6 GB
2023-11-07 18:52:00,20.6 GB
2023-11-07 18:52:30,20.6 GB
2023-11-07 18:53:00,20.6 GB
2023-11-07 18:53:30,20.6 GB
2023-11-07 18:54:00,20.6 GB
2023-11-07 18:54:30,20.6 GB
2023-11-07 18:55:00,20.6 GB
2023-11-07 18:55:30,20.6 GB
2023-11-07 18:56:00,20.6 GB
2023-11-07 18:56:30,20.6 GB
2023-11-07 18:57:00,20.6 GB
2023-11-07 18:57:30,20.6 GB
2023-11-07 18:58:00,20.6 GB
2023-11-07 18:58:30,20.6 GB
2023-11-07 18:59:00,20.6 GB
2023-11-07 18:59:30,20.6 GB
2023-11-07 19:00:00,20.6 GB
2023-11-07 19:00:30,20.6 GB
2023-11-07 19:01:00,20.6 GB
2023-11-07 19:01:30,20.6 GB
2023-11-07 19:02:00,20.7 GB
2023-11-07 19:02:30,20.7 GB
2023-11-07 19:03:00,20.7 GB
2023-11-07 19:03:30,20.7 GB
2023-11-07 19:04:00,20.7 GB
2023-11-07 19:04:30,20.7 GB
2023-11-07 19:05:00,20.7 GB
2023-11-07 19:05:30,20.7 GB
2023-11-07 19:06:00,20.8 GB
2023-11-07 19:06:30,20.8 GB
2023-11-07 19:07:00,20.8 GB
2023-11-07 19:07:30,20.8 GB
2023-11-07 19:08:00,20.8 GB
2023-11-07 19:08:30,20.8 GB
2023-11-07 19:09:00,20.8 GB
2023-11-07 19:09:30,20.8 GB
2023-11-07 19:10:00,20.8 GB
2023-11-07 19:10:30,20.8 GB
2023-11-07 19:11:00,20.8 GB
2023-11-07 19:11:30,20.8 GB
2023-11-07 19:12:00,20.8 GB
2023-11-07 19:12:30,20.8 GB
2023-11-07 19:13:00,20.8 GB
2023-11-07 19:13:30,20.8 GB
2023-11-07 19:14:00,20.8 GB
2023-11-07 19:14:30,20.8 GB
2023-11-07 19:15:00,20.8 GB
2023-11-07 19:15:30,20.8 GB
2023-11-07 19:16:00,20.8 GB
2023-11-07 19:16:30,20.8 GB
2023-11-07 19:17:00,20.8 GB
2023-11-07 19:17:30,20.8 GB
2023-11-07 19:18:00,20.8 GB
2023-11-07 19:18:30,20.8 GB
2023-11-07 19:19:00,20.8 GB
2023-11-07 19:19:30,20.8 GB
2023-11-07 19:20:00,20.8 GB
2023-11-07 19:20:30,20.8 GB
2023-11-07 19:21:00,20.8 GB
2023-11-07 19:21:30,20.8 GB
2023-11-07 19:22:00,20.8 GB
2023-11-07 19:22:30,20.8 GB
2023-11-07 19:23:00,20.8 GB
2023-11-07 19:23:30,20.8 GB
2023-11-07 19:24:00,20.8 GB
2023-11-07 19:24:30,20.8 GB
2023-11-07 19:25:00,20.8 GB
2023-11-07 19:25:30,20.8 GB
2023-11-07 19:26:00,20.8 GB
2023-11-07 19:26:30,20.8 GB
2023-11-07 19:27:00,20.8 GB
2023-11-07 19:27:30,20.8 GB
2023-11-07 19:28:00,20.8 GB
2023-11-07 19:28:30,20.8 GB
2023-11-07 19:29:00,20.8 GB
2023-11-07 19:29:30,20.8 GB
2023-11-07 19:30:00,20.8 GB
2023-11-07 19:30:30,20.8 GB
2023-11-07 19:31:00,20.8 GB
2023-11-07 19:31:30,20.8 GB
2023-11-07 19:32:00,20.8 GB
2023-11-07 19:32:30,20.8 GB
2023-11-07 19:33:00,20.8 GB
2023-11-07 19:33:30,20.8 GB
2023-11-07 19:34:00,20.8 GB
2023-11-07 19:34:30,20.8 GB
2023-11-07 19:35:00,20.8 GB
2023-11-07 19:35:30,20.8 GB
2023-11-07 19:36:00,20.8 GB
2023-11-07 19:36:30,20.8 GB
2023-11-07 19:37:00,20.8 GB
2023-11-07 19:37:30,20.8 GB
2023-11-07 19:38:00,20.8 GB
2023-11-07 19:38:30,20.8 GB
2023-11-07 19:39:00,20.8 GB
2023-11-07 19:39:30,20.8 GB
2023-11-07 19:40:00,20.8 GB
2023-11-07 19:40:30,20.8 GB
2023-11-07 19:41:00,20.8 GB
2023-11-07 19:41:30,20.8 GB
2023-11-07 19:42:00,20.8 GB
2023-11-07 19:42:30,20.8 GB
2023-11-07 19:43:00,20.8 GB
2023-11-07 19:43:30,20.8 GB
2023-11-07 19:44:00,20.8 GB
2023-11-07 19:44:30,20.8 GB
2023-11-07 19:45:00,20.8 GB
2023-11-07 19:45:30,20.8 GB
2023-11-07 19:46:00,20.8 GB
2023-11-07 19:46:30,20.8 GB
2023-11-07 19:47:00,20.8 GB
2023-11-07 19:47:30,20.8 GB
2023-11-07 19:48:00,20.8 GB
2023-11-07 19:48:30,20.8 GB
2023-11-07 19:49:00,20.8 GB
2023-11-07 19:49:30,20.8 GB
2023-11-07 19:50:00,20.8 GB
2023-11-07 19:50:30,20.8 GB
2023-11-07 19:51:00,20.8 GB
2023-11-07 19:51:30,20.8 GB
2023-11-07 19:52:00,20.8 GB
2023-11-07 19:52:30,20.8 GB
2023-11-07 19:53:00,20.8 GB
2023-11-07 19:53:30,20.8 GB
2023-11-07 19:54:00,20.8 GB
2023-11-07 19:54:30,20.8 GB
2023-11-07 19:55:00,20.8 GB
2023-11-07 19:55:30,20.8 GB
2023-11-07 19:56:00,20.8 GB
2023-11-07 19:56:30,20.8 GB
2023-11-07 19:57:00,20.8 GB
2023-11-07 19:57:30,20.8 GB
2023-11-07 19:58:00,20.8 GB
2023-11-07 19:58:30,20.8 GB
2023-11-07 19:59:00,20.8 GB
2023-11-07 19:59:30,20.8 GB
2023-11-07 20:00:00,20.8 GB
2023-11-07 20:00:30,20.8 GB
2023-11-07 20:01:00,20.8 GB
2023-11-07 20:01:30,20.8 GB
2023-11-07 20:02:00,20.8 GB
2023-11-07 20:02:30,20.8 GB
2023-11-07 20:03:00,20.8 GB
2023-11-07 20:03:30,20.8 GB
2023-11-07 20:04:00,20.8 GB
2023-11-07 20:04:30,20.8 GB
2023-11-07 20:05:00,20.8 GB
2023-11-07 20:05:30,20.8 GB
2023-11-07 20:06:00,20.8 GB
2023-11-07 20:06:30,20.8 GB
2023-11-07 20:07:00,20.8 GB
2023-11-07 20:07:30,20.8 GB
2023-11-07 20:08:00,20.8 GB
2023-11-07 20:08:30,20.8 GB
2023-11-07 20:09:00,20.8 GB
2023-11-07 20:09:30,20.8 GB
2023-11-07 20:10:00,20.8 GB
2023-11-07 20:10:30,20.8 GB
2023-11-07 20:11:00,20.8 GB
2023-11-07 20:11:30,20.8 GB
2023-11-07 20:12:00,20.8 GB
2023-11-07 20:12:30,20.8 GB
2023-11-07 20:13:00,20.8 GB
2023-11-07 20:13:30,20.8 GB
2023-11-07 20:14:00,20.8 GB
2023-11-07 20:14:30,20.8 GB
2023-11-07 20:15:00,20.8 GB
2023-11-07 20:15:30,20.8 GB
2023-11-07 20:16:00,20.8 GB
2023-11-07 20:16:30,20.8 GB
2023-11-07 20:17:00,20.8 GB
2023-11-07 20:17:30,20.8 GB
2023-11-07 20:18:00,20.8 GB
2023-11-07 20:18:30,20.8 GB
2023-11-07 20:19:00,20.8 GB
2023-11-07 20:19:30,20.8 GB
2023-11-07 20:20:00,20.8 GB
2023-11-07 20:20:30,20.8 GB
2023-11-07 20:21:00,20.8 GB
2023-11-07 20:21:30,20.8 GB
2023-11-07 20:22:00,20.8 GB
2023-11-07 20:22:30,20.8 GB
2023-11-07 20:23:00,20.8 GB
2023-11-07 20:23:30,20.8 GB
2023-11-07 20:24:00,20.8 GB
2023-11-07 20:24:30,20.8 GB
2023-11-07 20:25:00,20.8 GB
2023-11-07 20:25:30,20.8 GB
2023-11-07 20:26:00,20.8 GB
2023-11-07 20:26:30,20.8 GB
2023-11-07 20:27:00,20.8 GB
2023-11-07 20:27:30,20.8 GB
2023-11-07 20:28:00,20.8 GB
2023-11-07 20:28:30,20.8 GB
2023-11-07 20:29:00,20.8 GB
2023-11-07 20:29:30,20.8 GB
2023-11-07 20:30:00,20.8 GB
2023-11-07 20:30:30,20.8 GB
2023-11-07 20:31:00,20.8 GB
2023-11-07 20:31:30,20.8 GB
2023-11-07 20:32:00,20.8 GB
2023-11-07 20:32:30,20.8 GB
2023-11-07 20:33:00,20.8 GB
2023-11-07 20:33:30,20.9 GB
2023-11-07 20:34:00,20.9 GB
2023-11-07 20:34:30,20.8 GB
2023-11-07 20:35:00,20.8 GB
2023-11-07 20:35:30,20.8 GB
2023-11-07 20:36:00,20.9 GB
2023-11-07 20:36:30,20.8 GB
2023-11-07 20:37:00,20.8 GB
2023-11-07 20:37:30,20.8 GB
2023-11-07 20:38:00,20.8 GB
2023-11-07 20:38:30,20.8 GB
2023-11-07 20:39:00,20.9 GB
2023-11-07 20:39:30,20.9 GB
2023-11-07 20:40:00,20.8 GB
2023-11-07 20:40:30,20.8 GB
2023-11-07 20:41:00,20.8 GB
2023-11-07 20:41:30,20.8 GB
2023-11-07 20:42:00,20.9 GB
2023-11-07 20:42:30,20.9 GB
2023-11-07 20:43:00,20.8 GB
2023-11-07 20:43:30,20.8 GB
2023-11-07 20:44:00,20.8 GB
2023-11-07 20:44:30,20.9 GB
2023-11-07 20:45:00,20.6 GB
2023-11-07 20:45:30,20.6 GB
2023-11-07 20:46:00,20.6 GB
2023-11-07 20:46:30,20.6 GB
2023-11-07 20:47:00,20.6 GB
2023-11-07 20:47:30,20.6 GB
2023-11-07 20:48:00,20.6 GB
2023-11-07 20:48:30,20.6 GB
2023-11-07 20:49:00,20.6 GB
2023-11-07 20:49:30,20.6 GB
2023-11-07 20:50:00,20.6 GB
2023-11-07 20:50:30,20.6 GB
2023-11-07 20:51:00,20.6 GB
2023-11-07 20:51:30,20.6 GB
2023-11-07 20:52:00,20.6 GB
2023-11-07 20:52:30,20.6 GB
2023-11-07 20:53:00,20.6 GB
2023-11-07 20:53:30,20.6 GB
2023-11-07 20:54:00,20.6 GB
2023-11-07 20:54:30,20.6 GB
2023-11-07 20:55:00,20.6 GB
2023-11-07 20:55:30,20.6 GB
2023-11-07 20:56:00,20.6 GB
2023-11-07 20:56:30,20.6 GB
2023-11-07 20:57:00,20.6 GB
2023-11-07 20:57:30,20.6 GB
2023-11-07 20:58:00,20.6 GB
2023-11-07 20:58:30,20.6 GB
2023-11-07 20:59:00,20.6 GB
2023-11-07 20:59:30,20.6 GB
2023-11-07 21:00:00,20.6 GB
2023-11-07 21:00:30,20.6 GB
2023-11-07 21:01:00,20.6 GB
2023-11-07 21:01:30,20.6 GB
2023-11-07 21:02:00,20.6 GB
2023-11-07 21:02:30,20.6 GB
2023-11-07 21:03:00,20.7 GB
2023-11-07 21:03:30,20.7 GB
2023-11-07 21:04:00,20.7 GB
2023-11-07 21:04:30,20.7 GB
2023-11-07 21:05:00,20.7 GB
2023-11-07 21:05:30,20.7 GB
2023-11-07 21:06:00,20.7 GB
2023-11-07 21:06:30,20.7 GB
2023-11-07 21:07:00,20.7 GB
2023-11-07 21:07:30,20.7 GB
2023-11-07 21:08:00,20.7 GB
2023-11-07 21:08:30,20.7 GB
2023-11-07 21:09:00,20.7 GB
2023-11-07 21:09:30,20.7 GB
2023-11-07 21:10:00,20.7 GB
2023-11-07 21:10:30,20.7 GB
2023-11-07 21:11:00,20.7 GB
2023-11-07 21:11:30,20.7 GB
2023-11-07 21:12:00,20.7 GB
2023-11-07 21:12:30,20.7 GB
2023-11-07 21:13:00,20.7 GB
2023-11-07 21:13:30,20.7 GB
2023-11-07 21:14:00,20.7 GB
2023-11-07 21:14:30,20.7 GB
2023-11-07 21:15:00,20.7 GB
2023-11-07 21:15:30,20.7 GB
2023-11-07 21:16:00,20.7 GB
2023-11-07 21:16:30,20.7 GB
2023-11-07 21:17:00,20.7 GB
2023-11-07 21:17:30,20.7 GB
2023-11-07 21:18:00,20.7 GB
2023-11-07 21:18:30,20.7 GB
2023-11-07 21:19:00,20.7 GB
2023-11-07 21:19:30,20.8 GB
2023-11-07 21:20:00,20.8 GB
2023-11-07 21:20:30,20.8 GB
2023-11-07 21:21:00,20.8 GB
2023-11-07 21:21:30,20.8 GB
2023-11-07 21:22:00,20.8 GB
2023-11-07 21:22:30,20.8 GB
2023-11-07 21:23:00,20.8 GB
2023-11-07 21:23:30,20.8 GB
2023-11-07 21:24:00,20.8 GB
2023-11-07 21:24:30,20.8 GB
2023-11-07 21:25:00,20.8 GB
2023-11-07 21:25:30,20.8 GB
2023-11-07 21:26:00,20.8 GB
2023-11-07 21:26:30,20.8 GB
2023-11-07 21:27:00,20.9 GB
2023-11-07 21:27:30,20.9 GB
2023-11-07 21:28:00,20.9 GB
2023-11-07 21:28:30,20.9 GB
2023-11-07 21:29:00,20.9 GB
2023-11-07 21:29:30,20.9 GB
2023-11-07 21:30:00,20.9 GB
2023-11-07 21:30:30,20.9 GB
2023-11-07 21:31:00,20.9 GB
2023-11-07 21:31:30,20.9 GB
2023-11-07 21:32:00,20.9 GB
2023-11-07 21:32:30,20.9 GB
2023-11-07 21:33:00,20.9 GB
2023-11-07 21:33:30,20.9 GB
2023-11-07 21:34:00,20.9 GB
2023-11-07 21:34:30,20.9 GB
2023-11-07 21:35:00,20.9 GB
2023-11-07 21:35:30,20.9 GB
2023-11-07 21:36:00,20.9 GB
2023-11-07 21:36:30,20.9 GB
2023-11-07 21:37:00,20.9 GB
2023-11-07 21:37:30,20.9 GB
2023-11-07 21:38:00,20.9 GB
2023-11-07 21:38:30,20.9 GB
2023-11-07 21:39:00,20.9 GB
2023-11-07 21:39:30,20.9 GB
2023-11-07 21:40:00,20.9 GB
2023-11-07 21:40:30,21.0 GB
2023-11-07 21:41:00,21.0 GB
2023-11-07 21:41:30,21.0 GB
2023-11-07 21:42:00,21.0 GB
2023-11-07 21:42:30,21.0 GB
2023-11-07 21:43:00,21.0 GB
2023-11-07 21:43:30,21.0 GB
2023-11-07 21:44:00,21.0 GB
2023-11-07 21:44:30,20.9 GB
2023-11-07 21:45:00,21.0 GB
2023-11-07 21:45:30,21.0 GB
2023-11-07 21:46:00,21.0 GB
2023-11-07 21:46:30,21.0 GB
2023-11-07 21:47:00,20.9 GB
2023-11-07 21:47:30,21.0 GB
2023-11-07 21:48:00,21.0 GB
2023-11-07 21:48:30,20.9 GB
2023-11-07 21:49:00,21.0 GB
2023-11-07 21:49:30,21.0 GB
2023-11-07 21:50:00,21.0 GB
2023-11-07 21:50:30,21.0 GB
2023-11-07 21:51:00,21.0 GB
2023-11-07 21:51:30,21.0 GB
2023-11-07 21:52:00,21.0 GB
2023-11-07 21:52:30,21.0 GB
2023-11-07 21:53:00,21.0 GB
2023-11-07 21:53:30,21.0 GB
2023-11-07 21:54:00,21.0 GB
2023-11-07 21:54:30,21.0 GB
2023-11-07 21:55:00,21.0 GB
2023-11-07 21:55:30,21.0 GB
2023-11-07 21:56:00,21.0 GB
2023-11-07 21:56:30,21.0 GB
2023-11-07 21:57:00,21.0 GB
2023-11-07 21:57:30,21.0 GB
2023-11-07 21:58:00,21.0 GB
2023-11-07 21:58:30,21.0 GB
2023-11-07 21:59:00,20.9 GB
2023-11-07 21:59:30,21.0 GB
2023-11-07 22:00:00,21.0 GB
2023-11-07 22:00:30,21.0 GB
2023-11-07 22:01:00,21.0 GB
2023-11-07 22:01:30,21.0 GB
2023-11-07 22:02:00,21.0 GB
2023-11-07 22:02:30,21.0 GB
2023-11-07 22:03:00,21.0 GB
2023-11-07 22:03:30,21.0 GB
2023-11-07 22:04:00,21.0 GB
2023-11-07 22:04:30,20.9 GB
2023-11-07 22:05:00,21.0 GB
2023-11-07 22:05:30,21.0 GB
2023-11-07 22:06:00,21.0 GB
2023-11-07 22:06:30,21.0 GB
2023-11-07 22:07:00,21.0 GB
2023-11-07 22:07:30,21.0 GB
2023-11-07 22:08:00,21.0 GB
2023-11-07 22:08:30,21.0 GB
2023-11-07 22:09:00,21.0 GB
2023-11-07 22:09:30,21.0 GB
2023-11-07 22:10:00,21.0 GB
2023-11-07 22:10:30,21.0 GB
2023-11-07 22:11:00,21.0 GB
2023-11-07 22:11:30,21.0 GB
2023-11-07 22:12:00,21.0 GB
2023-11-07 22:12:30,21.0 GB
2023-11-07 22:13:00,21.0 GB
2023-11-07 22:13:30,21.0 GB
2023-11-07 22:14:00,21.0 GB
2023-11-07 22:14:30,21.0 GB
2023-11-07 22:15:00,21.0 GB
2023-11-07 22:15:30,21.0 GB
2023-11-07 22:16:00,21.0 GB
2023-11-07 22:16:30,21.0 GB
2023-11-07 22:17:00,21.0 GB
2023-11-07 22:17:30,21.0 GB
2023-11-07 22:18:00,21.0 GB
2023-11-07 22:18:30,21.0 GB
2023-11-07 22:19:00,21.0 GB
2023-11-07 22:19:30,21.0 GB
2023-11-07 22:20:00,21.0 GB
2023-11-07 22:20:30,21.0 GB
2023-11-07 22:21:00,21.0 GB
2023-11-07 22:21:30,21.0 GB
2023-11-07 22:22:00,21.0 GB
2023-11-07 22:22:30,21.0 GB
2023-11-07 22:23:00,21.0 GB
2023-11-07 22:23:30,21.0 GB
2023-11-07 22:24:00,21.0 GB
2023-11-07 22:24:30,21.0 GB
2023-11-07 22:25:00,21.0 GB
2023-11-07 22:25:30,21.0 GB
2023-11-07 22:26:00,21.0 GB
2023-11-07 22:26:30,21.0 GB
2023-11-07 22:27:00,21.0 GB
2023-11-07 22:27:30,21.0 GB
2023-11-07 22:28:00,21.0 GB
2023-11-07 22:28:30,21.0 GB
2023-11-07 22:29:00,21.0 GB
2023-11-07 22:29:30,21.0 GB
2023-11-07 22:30:00,21.0 GB
2023-11-07 22:30:30,21.0 GB
2023-11-07 22:31:00,21.0 GB
2023-11-07 22:31:30,21.0 GB
2023-11-07 22:32:00,21.0 GB
2023-11-07 22:32:30,21.0 GB
2023-11-07 22:33:00,21.0 GB
2023-11-07 22:33:30,21.0 GB
2023-11-07 22:34:00,21.0 GB
2023-11-07 22:34:30,21.0 GB
2023-11-07 22:35:00,21.0 GB
2023-11-07 22:35:30,21.0 GB
2023-11-07 22:36:00,21.0 GB
2023-11-07 22:36:30,21.0 GB
2023-11-07 22:37:00,21.0 GB
2023-11-07 22:37:30,21.0 GB
2023-11-07 22:38:00,21.0 GB
2023-11-07 22:38:30,21.0 GB
2023-11-07 22:39:00,21.0 GB
2023-11-07 22:39:30,21.0 GB
2023-11-07 22:40:00,21.0 GB
2023-11-07 22:40:30,21.0 GB
2023-11-07 22:41:00,21.0 GB
2023-11-07 22:41:30,21.0 GB
2023-11-07 22:42:00,21.0 GB
2023-11-07 22:42:30,21.0 GB
2023-11-07 22:43:00,21.0 GB
2023-11-07 22:43:30,21.0 GB
2023-11-07 22:44:00,21.0 GB
2023-11-07 22:44:30,21.0 GB
2023-11-07 22:45:00,21.0 GB
2023-11-07 22:45:30,21.0 GB
2023-11-07 22:46:00,21.0 GB
2023-11-07 22:46:30,21.0 GB
2023-11-07 22:47:00,21.0 GB
2023-11-07 22:47:30,21.0 GB
2023-11-07 22:48:00,21.0 GB
2023-11-07 22:48:30,21.0 GB
2023-11-07 22:49:00,21.0 GB
2023-11-07 22:49:30,21.0 GB
2023-11-07 22:50:00,21.0 GB
2023-11-07 22:50:30,21.0 GB
2023-11-07 22:51:00,21.0 GB
2023-11-07 22:51:30,21.0 GB
2023-11-07 22:52:00,21.0 GB
2023-11-07 22:52:30,21.0 GB
2023-11-07 22:53:00,21.0 GB
2023-11-07 22:53:30,21.0 GB
2023-11-07 22:54:00,21.0 GB
2023-11-07 22:54:30,21.0 GB
2023-11-07 22:55:00,21.0 GB
2023-11-07 22:55:30,21.0 GB
2023-11-07 22:56:00,21.0 GB
2023-11-07 22:56:30,21.0 GB
2023-11-07 22:57:00,21.0 GB
2023-11-07 22:57:30,21.0 GB
2023-11-07 22:58:00,21.0 GB
2023-11-07 22:58:30,21.0 GB
2023-11-07 22:59:00,21.0 GB
2023-11-07 22:59:30,21.0 GB
2023-11-07 23:00:00,21.0 GB
2023-11-07 23:00:30,21.0 GB
2023-11-07 23:01:00,21.0 GB
2023-11-07 23:01:30,21.0 GB
2023-11-07 23:02:00,21.0 GB
2023-11-07 23:02:30,21.0 GB
2023-11-07 23:03:00,21.0 GB
2023-11-07 23:03:30,21.0 GB
2023-11-07 23:04:00,21.0 GB
2023-11-07 23:04:30,21.0 GB
2023-11-07 23:05:00,21.0 GB
2023-11-07 23:05:30,21.0 GB
2023-11-07 23:06:00,21.0 GB
2023-11-07 23:06:30,21.0 GB
2023-11-07 23:07:00,21.0 GB
2023-11-07 23:07:30,21.0 GB
2023-11-07 23:08:00,21.0 GB
2023-11-07 23:08:30,21.0 GB
2023-11-07 23:09:00,21.0 GB
2023-11-07 23:09:30,21.0 GB
2023-11-07 23:10:00,21.0 GB
2023-11-07 23:10:30,21.0 GB
2023-11-07 23:11:00,21.0 GB
2023-11-07 23:11:30,21.0 GB
2023-11-07 23:12:00,21.0 GB
2023-11-07 23:12:30,21.0 GB
2023-11-07 23:13:00,21.0 GB
2023-11-07 23:13:30,21.0 GB
2023-11-07 23:14:00,21.0 GB
2023-11-07 23:14:30,21.0 GB
2023-11-07 23:15:00,21.0 GB
2023-11-07 23:15:30,21.0 GB
2023-11-07 23:16:00,21.0 GB
2023-11-07 23:16:30,21.0 GB
2023-11-07 23:17:00,21.0 GB
2023-11-07 23:17:30,21.0 GB
2023-11-07 23:18:00,21.0 GB
2023-11-07 23:18:30,21.0 GB
2023-11-07 23:19:00,21.0 GB
2023-11-07 23:19:30,21.0 GB
2023-11-07 23:20:00,21.0 GB
2023-11-07 23:20:30,21.0 GB
2023-11-07 23:21:00,21.0 GB
2023-11-07 23:21:30,21.0 GB
2023-11-07 23:22:00,21.0 GB
2023-11-07 23:22:30,20.7 GB
2023-11-07 23:23:00,20.7 GB
2023-11-07 23:23:30,20.7 GB
2023-11-07 23:24:00,20.7 GB
2023-11-07 23:24:30,20.7 GB
2023-11-07 23:25:00,20.7 GB
2023-11-07 23:25:30,20.7 GB
2023-11-07 23:26:00,20.7 GB
2023-11-07 23:26:30,20.7 GB
2023-11-07 23:27:00,20.7 GB
2023-11-07 23:27:30,20.7 GB
2023-11-07 23:28:00,20.7 GB
2023-11-07 23:28:30,20.7 GB
2023-11-07 23:29:00,20.7 GB
2023-11-07 23:29:30,20.7 GB
2023-11-07 23:30:00,20.7 GB
2023-11-07 23:30:30,20.7 GB
2023-11-07 23:31:00,20.7 GB
2023-11-07 23:31:30,20.7 GB
2023-11-07 23:32:00,20.7 GB
2023-11-07 23:32:30,20.7 GB
2023-11-07 23:33:00,20.7 GB
2023-11-07 23:33:30,20.7 GB
2023-11-07 23:34:00,20.7 GB
2023-11-07 23:34:30,20.7 GB
2023-11-07 23:35:00,20.7 GB